periodid,periodname,periodcode,perioddescription,orgunitlevel1,orgunitlevel2,organisationunitid,organisationunitname,organisationunitcode,organisationunitdescription,Estimated Number of Pregnant Women,Population 10-14 Year-Old Girls,Women of childbearing age (15â€“49yrs),uid_code,uid_year,,,,
2014,2014,2014,,Kenya,Kajiado County,Hsk1YV8kHkT,Kajiado County,KE_County_34,,30521,,174354,201401_Hsk1YV8kHkT,2014_Hsk1YV8kHkT,,,,
2014,2014,2014,,Kenya,Laikipia County,xuFdFy6t9AH,Laikipia County,KE_County_31,,12362,,68426,201401_xuFdFy6t9AH,2014_xuFdFy6t9AH,,,,
2014,2014,2014,,Kenya,Turkana County,kphDeKClFch,Turkana County,KE_County_23,,24517,,225176,201401_kphDeKClFch,2014_kphDeKClFch,,,,
2014,2014,2014,,Kenya,Nandi County,t0J75eHKxz5,Nandi County,KE_County_29,,43784,,223505,201401_t0J75eHKxz5,2014_t0J75eHKxz5,,,,
2014,2014,2014,,Kenya,Elgeyo Marakwet County,MqnLxQBigG0,Elgeyo Marakwet County,KE_County_28,,18424,,103238,201401_MqnLxQBigG0,2014_MqnLxQBigG0,,,,
2014,2014,2014,,Kenya,Kwale County,N7YETT3A9r1,Kwale County,KE_County_2,,33980,,249162,201401_N7YETT3A9r1,2014_N7YETT3A9r1,,,,
2014,2014,2014,,Kenya,Homa Bay County,nK0A12Q7MvS,Homa Bay County,KE_County_43,,45558,,266176,201401_nK0A12Q7MvS,2014_nK0A12Q7MvS,,,,
2014,2014,2014,,Kenya,Trans Nzoia County,mThvosEflAU,Trans Nzoia County,KE_County_26,,45934,,240397,201401_mThvosEflAU,2014_mThvosEflAU,,,,
2014,2014,2014,,Kenya,West Pokot County,XWALbfAPa6n,West Pokot County,KE_County_24,,21198,,144549,201401_XWALbfAPa6n,2014_XWALbfAPa6n,,,,
2014,2014,2014,,Kenya,Bomet County,HMNARUV2CW4,Bomet County,KE_County_36,,39762,,237820,201401_HMNARUV2CW4,2014_HMNARUV2CW4,,,,
2014,2014,2014,,Kenya,Kakamega County,BjC1xL40gHo,Kakamega County,KE_County_37,,68016,,445067,201401_BjC1xL40gHo,2014_BjC1xL40gHo,,,,
2014,2014,2014,,Kenya,Kilifi County,nrI2khZx3d0,Kilifi County,KE_County_3,,52275,,302669,201401_nrI2khZx3d0,2014_nrI2khZx3d0,,,,
2014,2014,2014,,Kenya,Nairobi County,jkG3zaihdSs,Nairobi County,KE_County_47,,158875,,981191,201401_jkG3zaihdSs,2014_jkG3zaihdSs,,,,
2014,2014,2014,,Kenya,Siaya County,u4t9H8XyU9P,Siaya County,KE_County_41,,38257,,215720,201401_u4t9H8XyU9P,2014_u4t9H8XyU9P,,,,
2014,2014,2014,,Kenya,Vihiga County,sANMZ3lpqGs,Vihiga County,KE_County_38,,23852,,146911,201401_sANMZ3lpqGs,2014_sANMZ3lpqGs,,,,
2014,2014,2014,,Kenya,Lamu County,NjWSbQTwys4,Lamu County,KE_County_5,,3999,,26999,201401_NjWSbQTwys4,2014_NjWSbQTwys4,,,,
2014,2014,2014,,Kenya,Nyandarua County,mYZacFNIB3h,Nyandarua County,KE_County_18,,18732,,163342,201401_mYZacFNIB3h,2014_mYZacFNIB3h,,,,
2014,2014,2014,,Kenya,Tharaka Nithi County,T4urHM47nlm,Tharaka Nithi County,KE_County_13,,14478,,101483,201401_T4urHM47nlm,2014_T4urHM47nlm,,,,
2014,2014,2014,,Kenya,Embu County,PFu8alU2KWG,Embu County,KE_County_14,,14795,,146764,201401_PFu8alU2KWG,2014_PFu8alU2KWG,,,,
2014,2014,2014,,Kenya,Busia County,Tvf1zgVZ0K4,Busia County,KE_County_40,,30641,,201365,201401_Tvf1zgVZ0K4,2014_Tvf1zgVZ0K4,,,,
2014,2014,2014,,Kenya,Uasin Gishu County,pZqQRRW7PHP,Uasin Gishu County,KE_County_27,,42206,,243856,201401_pZqQRRW7PHP,2014_pZqQRRW7PHP,,,,
2014,2014,2014,,Kenya,Tana River County,JsH2bnvNt2d,Tana River County,KE_County_4,,11114,,68893,201401_JsH2bnvNt2d,2014_JsH2bnvNt2d,,,,
2014,2014,2014,,Kenya,Mandera County,R6f9znhg37c,Mandera County,KE_County_9,,36285,,299941,201401_R6f9znhg37c,2014_R6f9znhg37c,,,,
2014,2014,2014,,Kenya,Bungoma County,KGHhQ5GLd4k,Bungoma County,KE_County_39,,64744,,366967,201401_KGHhQ5GLd4k,2014_KGHhQ5GLd4k,,,,
2014,2014,2014,,Kenya,Isiolo County,bzOfj0iwfDH,Isiolo County,KE_County_11,,7044,,44026,201401_bzOfj0iwfDH,2014_bzOfj0iwfDH,,,,
2014,2014,2014,,Kenya,Makueni County,BoDytkJQ4Qi,Makueni County,KE_County_17,,31836,,225985,201401_BoDytkJQ4Qi,2014_BoDytkJQ4Qi,,,,
2014,2014,2014,,Kenya,Kiambu County,qKzosKQPl6G,Kiambu County,KE_County_22,,51967,,486575,201401_qKzosKQPl6G,2014_qKzosKQPl6G,,,,
2014,2014,2014,,Kenya,Mombasa County,wsBsC6gjHvn,Mombasa County,KE_County_1,,42031,,256032,201401_wsBsC6gjHvn,2014_wsBsC6gjHvn,,,,
2014,2014,2014,,Kenya,Kitui County,j8o6iO4Njsi,Kitui County,KE_County_15,,42861,,243221,201401_j8o6iO4Njsi,2014_j8o6iO4Njsi,,,,
2014,2014,2014,,Kenya,Kisii County,sPkRcDvhGWA,Kisii County,KE_County_45,,45938,,260514,201401_sPkRcDvhGWA,2014_sPkRcDvhGWA,,,,
2014,2014,2014,,Kenya,Nyamira County,uepLTG8wGWJ,Nyamira County,KE_County_46,,19418,,142769,201401_uepLTG8wGWJ,2014_uepLTG8wGWJ,,,,
2014,2014,2014,,Kenya,Garissa County,uyOrcHZBpW0,Garissa County,KE_County_7,,25626,,148688,201401_uyOrcHZBpW0,2014_uyOrcHZBpW0,,,,
2014,2014,2014,,Kenya,Marsabit County,Eey8fT4Im3y,Marsabit County,KE_County_10,,14376,,80229,201401_Eey8fT4Im3y,2014_Eey8fT4Im3y,,,,
2014,2014,2014,,Kenya,Nakuru County,ob6SxuRcqU4,Nakuru County,KE_County_32,,70948,,475593,201401_ob6SxuRcqU4,2014_ob6SxuRcqU4,,,,
2014,2014,2014,,Kenya,Nyeri County,ptWVfaCIdVx,Nyeri County,KE_County_19,,18072,,177918,201401_ptWVfaCIdVx,2014_ptWVfaCIdVx,,,,
2014,2014,2014,,Kenya,Muranga County,ahwTMNAJvrL,Muranga County,KE_County_21,,21064,,225111,201401_ahwTMNAJvrL,2014_ahwTMNAJvrL,,,,
2014,2014,2014,,Kenya,Machakos County,yhCUgGcCcOo,Machakos County,KE_County_16,,50432,,290471,201401_yhCUgGcCcOo,2014_yhCUgGcCcOo,,,,
2014,2014,2014,,Kenya,Wajir County,CeLsrJOH0g9,Wajir County,KE_County_8,,29180,,141585,201401_CeLsrJOH0g9,2014_CeLsrJOH0g9,,,,
2014,2014,2014,,Kenya,Migori County,fVra3Pwta0Q,Migori County,KE_County_44,,47122,,251602,201401_fVra3Pwta0Q,2014_fVra3Pwta0Q,,,,
2014,2014,2014,,Kenya,Taita Taveta County,QyGNX2DpR4h,Taita Taveta County,KE_County_6,,13963,,76923,201401_QyGNX2DpR4h,2014_QyGNX2DpR4h,,,,
2014,2014,2014,,Kenya,Narok County,kqJ83J2D72s,Narok County,KE_County_33,,41685,,234089,201401_kqJ83J2D72s,2014_kqJ83J2D72s,,,,
2014,2014,2014,,Kenya,Baringo County,vvOK1BxTbet,Baringo County,KE_County_30,,26103.46,,136788.46,201401_vvOK1BxTbet,2014_vvOK1BxTbet,,,,
2014,2014,2014,,Kenya,Meru County,Y52XNJ50hYb,Meru County,KE_County_12,,43360,,360955,201401_Y52XNJ50hYb,2014_Y52XNJ50hYb,,,,
2014,2014,2014,,Kenya,Kisumu County,tAbBVBbueqD,Kisumu County,KE_County_42,,41000,,258146,201401_tAbBVBbueqD,2014_tAbBVBbueqD,,,,
2014,2014,2014,,Kenya,Kericho County,ihZsJ8alvtb,Kericho County,KE_County_35,,42452.8,,212509.2,201401_ihZsJ8alvtb,2014_ihZsJ8alvtb,,,,
2014,2014,2014,,Kenya,Kirinyaga County,Ulj33KBau7V,Kirinyaga County,KE_County_20,,13103,,150445,201401_Ulj33KBau7V,2014_Ulj33KBau7V,,,,
2014,2014,2014,,Kenya,Samburu County,o36zCRjSd4G,Samburu County,KE_County_25,,11637,,55039,201401_o36zCRjSd4G,2014_o36zCRjSd4G,,,,
2015,2015,2015,,Kenya,Makueni County,BoDytkJQ4Qi,Makueni County,KE_County_17,,35981,,239224,201501_BoDytkJQ4Qi,2015_BoDytkJQ4Qi,,,,
2015,2015,2015,,Kenya,Mombasa County,wsBsC6gjHvn,Mombasa County,KE_County_1,,43502,,289230,201501_wsBsC6gjHvn,2015_wsBsC6gjHvn,,,,
2015,2015,2015,,Kenya,Bungoma County,KGHhQ5GLd4k,Bungoma County,KE_County_39,,60446,,399773,201501_KGHhQ5GLd4k,2015_KGHhQ5GLd4k,,,,
2015,2015,2015,,Kenya,Garissa County,uyOrcHZBpW0,Garissa County,KE_County_7,,24907,,153541,201501_uyOrcHZBpW0,2015_uyOrcHZBpW0,,,,
2015,2015,2015,,Kenya,Tana River County,JsH2bnvNt2d,Tana River County,KE_County_4,,10545,,70110,201501_JsH2bnvNt2d,2015_JsH2bnvNt2d,,,,
2015,2015,2015,,Kenya,Kisii County,sPkRcDvhGWA,Kisii County,KE_County_45,,49852,,331453,201501_sPkRcDvhGWA,2015_sPkRcDvhGWA,,,,
2015,2015,2015,,Kenya,Muranga County,ahwTMNAJvrL,Muranga County,KE_County_21,,34842,,231649,201501_ahwTMNAJvrL,2015_ahwTMNAJvrL,,,,
2015,2015,2015,,Kenya,Migori County,fVra3Pwta0Q,Migori County,KE_County_44,,49089,,274213,201501_fVra3Pwta0Q,2015_fVra3Pwta0Q,,,,
2015,2015,2015,,Kenya,Nakuru County,ob6SxuRcqU4,Nakuru County,KE_County_32,,72568,,490693,201501_ob6SxuRcqU4,2015_ob6SxuRcqU4,,,,
2015,2015,2015,,Kenya,Lamu County,NjWSbQTwys4,Lamu County,KE_County_5,,4388,,29179,201501_NjWSbQTwys4,2015_NjWSbQTwys4,,,,
2015,2015,2015,,Kenya,Siaya County,u4t9H8XyU9P,Siaya County,KE_County_41,,34883,,231931,201501_u4t9H8XyU9P,2015_u4t9H8XyU9P,,,,
2015,2015,2015,,Kenya,Bomet County,HMNARUV2CW4,Bomet County,KE_County_36,,29501,,195781,201501_HMNARUV2CW4,2015_HMNARUV2CW4,,,,
2015,2015,2015,,Kenya,Kakamega County,BjC1xL40gHo,Kakamega County,KE_County_37,,71321,,474180,201501_BjC1xL40gHo,2015_BjC1xL40gHo,,,,
2015,2015,2015,,Kenya,Tharaka Nithi County,T4urHM47nlm,Tharaka Nithi County,KE_County_13,,14831,,104484,201501_T4urHM47nlm,2015_T4urHM47nlm,,,,
2015,2015,2015,,Kenya,Embu County,PFu8alU2KWG,Embu County,KE_County_14,,17905,,141465,201501_PFu8alU2KWG,2015_PFu8alU2KWG,,,,
2015,2015,2015,,Kenya,Nairobi County,jkG3zaihdSs,Nairobi County,KE_County_47,,147876,,983186,201501_jkG3zaihdSs,2015_jkG3zaihdSs,,,,
2015,2015,2015,,Kenya,Kilifi County,nrI2khZx3d0,Kilifi County,KE_County_3,,48679,,323650,201501_nrI2khZx3d0,2015_nrI2khZx3d0,,,,
2015,2015,2015,,Kenya,Nyamira County,uepLTG8wGWJ,Nyamira County,KE_County_46,,25107,,166933,201501_uepLTG8wGWJ,2015_uepLTG8wGWJ,,,,
2015,2015,2015,,Kenya,Vihiga County,sANMZ3lpqGs,Vihiga County,KE_County_38,,24055,,159938,201501_sANMZ3lpqGs,2015_sANMZ3lpqGs,,,,
2015,2015,2015,,Kenya,Turkana County,kphDeKClFch,Turkana County,KE_County_23,,48327,,321314,201501_kphDeKClFch,2015_kphDeKClFch,,,,
2015,2015,2015,,Kenya,Nandi County,t0J75eHKxz5,Nandi County,KE_County_29,,34468,,229166,201501_t0J75eHKxz5,2015_t0J75eHKxz5,,,,
2015,2015,2015,,Kenya,Elgeyo Marakwet County,MqnLxQBigG0,Elgeyo Marakwet County,KE_County_28,,16577,,110207,201501_MqnLxQBigG0,2015_MqnLxQBigG0,,,,
2015,2015,2015,,Kenya,Mandera County,R6f9znhg37c,Mandera County,KE_County_9,,46869,,316434,201501_R6f9znhg37c,2015_R6f9znhg37c,,,,
2015,2015,2015,,Kenya,Busia County,Tvf1zgVZ0K4,Busia County,KE_County_40,,32039,,213026,201501_Tvf1zgVZ0K4,2015_Tvf1zgVZ0K4,,,,
2015,2015,2015,,Kenya,West Pokot County,XWALbfAPa6n,West Pokot County,KE_County_24,,22786,,151494,201501_XWALbfAPa6n,2015_XWALbfAPa6n,,,,
2015,2015,2015,,Kenya,Uasin Gishu County,pZqQRRW7PHP,Uasin Gishu County,KE_County_27,,38155,,252911,201501_pZqQRRW7PHP,2015_pZqQRRW7PHP,,,,
2015,2015,2015,,Kenya,Nyandarua County,mYZacFNIB3h,Nyandarua County,KE_County_18,,27688,,192699,201501_mYZacFNIB3h,2015_mYZacFNIB3h,,,,
2015,2015,2015,,Kenya,Isiolo County,bzOfj0iwfDH,Isiolo County,KE_County_11,,6472,,42283,201501_bzOfj0iwfDH,2015_bzOfj0iwfDH,,,,
2015,2015,2015,,Kenya,Kajiado County,Hsk1YV8kHkT,Kajiado County,KE_County_34,,30937,,205681,201501_Hsk1YV8kHkT,2015_Hsk1YV8kHkT,,,,
2015,2015,2015,,Kenya,Trans Nzoia County,mThvosEflAU,Trans Nzoia County,KE_County_26,,39709,,252007,201501_mThvosEflAU,2015_mThvosEflAU,,,,
2015,2015,2015,,Kenya,Kwale County,N7YETT3A9r1,Kwale County,KE_County_2,,28308,,188214,201501_N7YETT3A9r1,2015_N7YETT3A9r1,,,,
2015,2015,2015,,Kenya,Taita Taveta County,QyGNX2DpR4h,Taita Taveta County,KE_County_6,,12255,,81480,201501_QyGNX2DpR4h,2015_QyGNX2DpR4h,,,,
2015,2015,2015,,Kenya,Machakos County,yhCUgGcCcOo,Machakos County,KE_County_16,,44337,,297869,201501_yhCUgGcCcOo,2015_yhCUgGcCcOo,,,,
2015,2015,2015,,Kenya,Baringo County,vvOK1BxTbet,Baringo County,KE_County_30,,24780,,164746,201501_vvOK1BxTbet,2015_vvOK1BxTbet,,,,
2015,2015,2015,,Kenya,Samburu County,o36zCRjSd4G,Samburu County,KE_County_25,,11416,,58986,201501_o36zCRjSd4G,2015_o36zCRjSd4G,,,,
2015,2015,2015,,Kenya,Marsabit County,Eey8fT4Im3y,Marsabit County,KE_County_10,,13573,,83800,201501_Eey8fT4Im3y,2015_Eey8fT4Im3y,,,,
2015,2015,2015,,Kenya,Nyeri County,ptWVfaCIdVx,Nyeri County,KE_County_19,,26542,,176477,201501_ptWVfaCIdVx,2015_ptWVfaCIdVx,,,,
2015,2015,2015,,Kenya,Narok County,kqJ83J2D72s,Narok County,KE_County_33,,38002,,240549,201501_kqJ83J2D72s,2015_kqJ83J2D72s,,,,
2015,2015,2015,,Kenya,Kisumu County,tAbBVBbueqD,Kisumu County,KE_County_42,,41517,,270406,201501_tAbBVBbueqD,2015_tAbBVBbueqD,,,,
2015,2015,2015,,Kenya,Wajir County,CeLsrJOH0g9,Wajir County,KE_County_8,,26537,,158556,201501_CeLsrJOH0g9,2015_CeLsrJOH0g9,,,,
2015,2015,2015,,Kenya,Kericho County,ihZsJ8alvtb,Kericho County,KE_County_35,,34714,,216338,201501_ihZsJ8alvtb,2015_ihZsJ8alvtb,,,,
2015,2015,2015,,Kenya,Meru County,Y52XNJ50hYb,Meru County,KE_County_12,,43797,,364585,201501_Y52XNJ50hYb,2015_Y52XNJ50hYb,,,,
2015,2015,2015,,Kenya,Homa Bay County,nK0A12Q7MvS,Homa Bay County,KE_County_43,,42142,,278190,201501_nK0A12Q7MvS,2015_nK0A12Q7MvS,,,,
2015,2015,2015,,Kenya,Laikipia County,xuFdFy6t9AH,Laikipia County,KE_County_31,,10323,,68638,201501_xuFdFy6t9AH,2015_xuFdFy6t9AH,,,,
2015,2015,2015,,Kenya,Kirinyaga County,Ulj33KBau7V,Kirinyaga County,KE_County_20,,13338,,153001,201501_Ulj33KBau7V,2015_Ulj33KBau7V,,,,
2015,2015,2015,,Kenya,Kiambu County,qKzosKQPl6G,Kiambu County,KE_County_22,,64714,,440016,201501_qKzosKQPl6G,2015_qKzosKQPl6G,,,,
2015,2015,2015,,Kenya,Kitui County,j8o6iO4Njsi,Kitui County,KE_County_15,,40344,,264610,201501_j8o6iO4Njsi,2015_j8o6iO4Njsi,,,,
2016,2016,2016,,Kenya,Wajir County,CeLsrJOH0g9,Wajir County,KE_County_8,,27390,,163681,201601_CeLsrJOH0g9,2016_CeLsrJOH0g9,,,,
2016,2016,2016,,Kenya,Migori County,fVra3Pwta0Q,Migori County,KE_County_44,,51907,,277840,201601_fVra3Pwta0Q,2016_fVra3Pwta0Q,,,,
2016,2016,2016,,Kenya,Kilifi County,nrI2khZx3d0,Kilifi County,KE_County_3,,51477,,331453,201601_nrI2khZx3d0,2016_nrI2khZx3d0,,,,
2016,2016,2016,,Kenya,Siaya County,u4t9H8XyU9P,Siaya County,KE_County_41,,35971,,221729,201601_u4t9H8XyU9P,2016_u4t9H8XyU9P,,,,
2016,2016,2016,,Kenya,Nakuru County,ob6SxuRcqU4,Nakuru County,KE_County_32,,73303,,503843,201601_ob6SxuRcqU4,2016_ob6SxuRcqU4,,,,
2016,2016,2016,,Kenya,Nyandarua County,mYZacFNIB3h,Nyandarua County,KE_County_18,,24667,,163996,201601_mYZacFNIB3h,2016_mYZacFNIB3h,,,,
2016,2016,2016,,Kenya,Lamu County,NjWSbQTwys4,Lamu County,KE_County_5,,4573,,30403,201601_NjWSbQTwys4,2016_NjWSbQTwys4,,,,
2016,2016,2016,,Kenya,Meru County,Y52XNJ50hYb,Meru County,KE_County_12,,44245,,368329,201601_Y52XNJ50hYb,2016_Y52XNJ50hYb,,,,
2016,2016,2016,,Kenya,Turkana County,kphDeKClFch,Turkana County,KE_County_23,,30810,,305832,201601_kphDeKClFch,2016_kphDeKClFch,,,,
2016,2016,2016,,Kenya,Garissa County,uyOrcHZBpW0,Garissa County,KE_County_7,,24934,,159367,201601_uyOrcHZBpW0,2016_uyOrcHZBpW0,,,,
2016,2016,2016,,Kenya,Trans Nzoia County,mThvosEflAU,Trans Nzoia County,KE_County_26,,41197,,261449,201601_mThvosEflAU,2016_mThvosEflAU,,,,
2016,2016,2016,,Kenya,Nyeri County,ptWVfaCIdVx,Nyeri County,KE_County_19,,22451,,176355,201601_ptWVfaCIdVx,2016_ptWVfaCIdVx,,,,
2016,2016,2016,,Kenya,Marsabit County,Eey8fT4Im3y,Marsabit County,KE_County_10,,13802,,87086,201601_Eey8fT4Im3y,2016_Eey8fT4Im3y,,,,
2016,2016,2016,,Kenya,Kajiado County,Hsk1YV8kHkT,Kajiado County,KE_County_34,,31624,,202271,201601_Hsk1YV8kHkT,2016_Hsk1YV8kHkT,,,,
2016,2016,2016,,Kenya,Nandi County,t0J75eHKxz5,Nandi County,KE_County_29,,35022,,232845,201601_t0J75eHKxz5,2016_t0J75eHKxz5,,,,
2016,2016,2016,,Kenya,Kisii County,sPkRcDvhGWA,Kisii County,KE_County_45,,51232,,326123,201601_sPkRcDvhGWA,2016_sPkRcDvhGWA,,,,
2016,2016,2016,,Kenya,Kwale County,N7YETT3A9r1,Kwale County,KE_County_2,,30574,,183128,201601_N7YETT3A9r1,2016_N7YETT3A9r1,,,,
2016,2016,2016,,Kenya,Elgeyo Marakwet County,MqnLxQBigG0,Elgeyo Marakwet County,KE_County_28,,17103,,113708,201601_MqnLxQBigG0,2016_MqnLxQBigG0,,,,
2016,2016,2016,,Kenya,Makueni County,BoDytkJQ4Qi,Makueni County,KE_County_17,,37646,,250293,201601_BoDytkJQ4Qi,2016_BoDytkJQ4Qi,,,,
2016,2016,2016,,Kenya,Busia County,Tvf1zgVZ0K4,Busia County,KE_County_40,,32791,,219998,201601_Tvf1zgVZ0K4,2016_Tvf1zgVZ0K4,,,,
2016,2016,2016,,Kenya,Uasin Gishu County,pZqQRRW7PHP,Uasin Gishu County,KE_County_27,,42210,,272818,201601_pZqQRRW7PHP,2016_pZqQRRW7PHP,,,,
2016,2016,2016,,Kenya,Embu County,PFu8alU2KWG,Embu County,KE_County_14,,18182,,143626,201601_PFu8alU2KWG,2016_PFu8alU2KWG,,,,
2016,2016,2016,,Kenya,Tana River County,JsH2bnvNt2d,Tana River County,KE_County_4,,10935,,72704,201601_JsH2bnvNt2d,2016_JsH2bnvNt2d,,,,
2016,2016,2016,,Kenya,Isiolo County,bzOfj0iwfDH,Isiolo County,KE_County_11,,6680,,43655,201601_bzOfj0iwfDH,2016_bzOfj0iwfDH,,,,
2016,2016,2016,,Kenya,Bungoma County,KGHhQ5GLd4k,Bungoma County,KE_County_39,,63604,,422878,201601_KGHhQ5GLd4k,2016_KGHhQ5GLd4k,,,,
2016,2016,2016,,Kenya,Bomet County,HMNARUV2CW4,Bomet County,KE_County_36,,32373,,214225,201601_HMNARUV2CW4,2016_HMNARUV2CW4,,,,
2016,2016,2016,,Kenya,Kakamega County,BjC1xL40gHo,Kakamega County,KE_County_37,,72756,,489379,201601_BjC1xL40gHo,2016_BjC1xL40gHo,,,,
2016,2016,2016,,Kenya,Nairobi County,jkG3zaihdSs,Nairobi County,KE_County_47,,147984,,1088028,201601_jkG3zaihdSs,2016_jkG3zaihdSs,,,,
2016,2016,2016,,Kenya,Baringo County,vvOK1BxTbet,Baringo County,KE_County_30,,25591,,170140,201601_vvOK1BxTbet,2016_vvOK1BxTbet,,,,
2016,2016,2016,,Kenya,West Pokot County,XWALbfAPa6n,West Pokot County,KE_County_24,,23492,,156190,201601_XWALbfAPa6n,2016_XWALbfAPa6n,,,,
2016,2016,2016,,Kenya,Mandera County,R6f9znhg37c,Mandera County,KE_County_9,,48819,,324581,201601_R6f9znhg37c,2016_R6f9znhg37c,,,,
2016,2016,2016,,Kenya,Vihiga County,sANMZ3lpqGs,Vihiga County,KE_County_38,,24516,,162999,201601_sANMZ3lpqGs,2016_sANMZ3lpqGs,,,,
2016,2016,2016,,Kenya,Taita Taveta County,QyGNX2DpR4h,Taita Taveta County,KE_County_6,,12755,,84811,201601_QyGNX2DpR4h,2016_QyGNX2DpR4h,,,,
2016,2016,2016,,Kenya,Tharaka Nithi County,T4urHM47nlm,Tharaka Nithi County,KE_County_13,,15194,,107548,201601_T4urHM47nlm,2016_T4urHM47nlm,,,,
2016,2016,2016,,Kenya,Muranga County,ahwTMNAJvrL,Muranga County,KE_County_21,,35404,,235397,201601_ahwTMNAJvrL,2016_ahwTMNAJvrL,,,,
2016,2016,2016,,Kenya,Homa Bay County,nK0A12Q7MvS,Homa Bay County,KE_County_43,,44476,,282486,201601_nK0A12Q7MvS,2016_nK0A12Q7MvS,,,,
2016,2016,2016,,Kenya,Nyamira County,uepLTG8wGWJ,Nyamira County,KE_County_46,,25134,,170359,201601_uepLTG8wGWJ,2016_uepLTG8wGWJ,,,,
2016,2016,2016,,Kenya,Machakos County,yhCUgGcCcOo,Machakos County,KE_County_16,,45168,,295931,201601_yhCUgGcCcOo,2016_yhCUgGcCcOo,,,,
2016,2016,2016,,Kenya,Kiambu County,qKzosKQPl6G,Kiambu County,KE_County_22,,99417,,465678,201601_qKzosKQPl6G,2016_qKzosKQPl6G,,,,
2016,2016,2016,,Kenya,Laikipia County,xuFdFy6t9AH,Laikipia County,KE_County_31,,19308,,128369,201601_xuFdFy6t9AH,2016_xuFdFy6t9AH,,,,
2016,2016,2016,,Kenya,Kitui County,j8o6iO4Njsi,Kitui County,KE_County_15,,40745,,267245,201601_j8o6iO4Njsi,2016_j8o6iO4Njsi,,,,
2016,2016,2016,,Kenya,Kirinyaga County,Ulj33KBau7V,Kirinyaga County,KE_County_20,,13542,,158359,201601_Ulj33KBau7V,2016_Ulj33KBau7V,,,,
2016,2016,2016,,Kenya,Samburu County,o36zCRjSd4G,Samburu County,KE_County_25,,11759,,60755,201601_o36zCRjSd4G,2016_o36zCRjSd4G,,,,
2016,2016,2016,,Kenya,Kisumu County,tAbBVBbueqD,Kisumu County,KE_County_42,,41980,,272449,201601_tAbBVBbueqD,2016_tAbBVBbueqD,,,,
2016,2016,2016,,Kenya,Kericho County,ihZsJ8alvtb,Kericho County,KE_County_35,,33141,,209133,201601_ihZsJ8alvtb,2016_ihZsJ8alvtb,,,,
2016,2016,2016,,Kenya,Mombasa County,wsBsC6gjHvn,Mombasa County,KE_County_1,,45297,,301163,201601_wsBsC6gjHvn,2016_wsBsC6gjHvn,,,,
2016,2016,2016,,Kenya,Narok County,kqJ83J2D72s,Narok County,KE_County_33,,41417,,257768,201601_kqJ83J2D72s,2016_kqJ83J2D72s,,,,
2017,2017,2017,,Kenya,Tana River County,JsH2bnvNt2d,Tana River County,KE_County_4,,13788,,66748,201701_JsH2bnvNt2d,2017_JsH2bnvNt2d,,,,
2017,2017,2017,,Kenya,Nyandarua County,mYZacFNIB3h,Nyandarua County,KE_County_18,,22759,,172222,201701_mYZacFNIB3h,2017_mYZacFNIB3h,,,,
2017,2017,2017,,Kenya,Lamu County,NjWSbQTwys4,Lamu County,KE_County_5,,4717,,31363,201701_NjWSbQTwys4,2017_NjWSbQTwys4,,,,
2017,2017,2017,,Kenya,Meru County,Y52XNJ50hYb,Meru County,KE_County_12,,46699,,378046,201701_Y52XNJ50hYb,2017_Y52XNJ50hYb,,,,
2017,2017,2017,,Kenya,Wajir County,CeLsrJOH0g9,Wajir County,KE_County_8,,27590,,149778,201701_CeLsrJOH0g9,2017_CeLsrJOH0g9,,,,
2017,2017,2017,,Kenya,Makueni County,BoDytkJQ4Qi,Makueni County,KE_County_17,,31158,,217677,201701_BoDytkJQ4Qi,2017_BoDytkJQ4Qi,,,,
2017,2017,2017,,Kenya,Kilifi County,nrI2khZx3d0,Kilifi County,KE_County_3,,54312,,336596,201701_nrI2khZx3d0,2017_nrI2khZx3d0,,,,
2017,2017,2017,,Kenya,Siaya County,u4t9H8XyU9P,Siaya County,KE_County_41,,38727,,219777,201701_u4t9H8XyU9P,2017_u4t9H8XyU9P,,,,
2017,2017,2017,,Kenya,Kiambu County,qKzosKQPl6G,Kiambu County,KE_County_22,,54255,,541378,201701_qKzosKQPl6G,2017_qKzosKQPl6G,,,,
2017,2017,2017,,Kenya,Mombasa County,wsBsC6gjHvn,Mombasa County,KE_County_1,,44751,,308116,201701_wsBsC6gjHvn,2017_wsBsC6gjHvn,,,,
2017,2017,2017,,Kenya,Bungoma County,KGHhQ5GLd4k,Bungoma County,KE_County_39,,70013,,403195,201701_KGHhQ5GLd4k,2017_KGHhQ5GLd4k,,,,
2017,2017,2017,,Kenya,Narok County,kqJ83J2D72s,Narok County,KE_County_33,,50703,,243153,201701_kqJ83J2D72s,2017_kqJ83J2D72s,,,,
2017,2017,2017,,Kenya,Samburu County,o36zCRjSd4G,Samburu County,KE_County_25,,12832,,60690,201701_o36zCRjSd4G,2017_o36zCRjSd4G,,,,
2017,2017,2017,,Kenya,Muranga County,ahwTMNAJvrL,Muranga County,KE_County_21,,31779,,266963,201701_ahwTMNAJvrL,2017_ahwTMNAJvrL,,,,
2017,2017,2017,,Kenya,Busia County,Tvf1zgVZ0K4,Busia County,KE_County_40,,32214,,199668,201701_Tvf1zgVZ0K4,2017_Tvf1zgVZ0K4,,,,
2017,2017,2017,,Kenya,Kisumu County,tAbBVBbueqD,Kisumu County,KE_County_42,,42513,,273045,201701_tAbBVBbueqD,2017_tAbBVBbueqD,,,,
2017,2017,2017,,Kenya,Nyamira County,uepLTG8wGWJ,Nyamira County,KE_County_46,,25161,,156358,201701_uepLTG8wGWJ,2017_uepLTG8wGWJ,,,,
2017,2017,2017,,Kenya,Turkana County,kphDeKClFch,Turkana County,KE_County_23,,27088,,235269,201701_kphDeKClFch,2017_kphDeKClFch,,,,
2017,2017,2017,,Kenya,Elgeyo Marakwet County,MqnLxQBigG0,Elgeyo Marakwet County,KE_County_28,,20839,,117106,201701_MqnLxQBigG0,2017_MqnLxQBigG0,,,,
2017,2017,2017,,Kenya,Nandi County,t0J75eHKxz5,Nandi County,KE_County_29,,33563,,237769,201701_t0J75eHKxz5,2017_t0J75eHKxz5,,,,
2017,2017,2017,,Kenya,Nairobi County,jkG3zaihdSs,Nairobi County,KE_County_47,,150045,,1473547,201701_jkG3zaihdSs,2017_jkG3zaihdSs,,,,
2017,2017,2017,,Kenya,Kakamega County,BjC1xL40gHo,Kakamega County,KE_County_37,,69277,,497761,201701_BjC1xL40gHo,2017_BjC1xL40gHo,,,,
2017,2017,2017,,Kenya,Kajiado County,Hsk1YV8kHkT,Kajiado County,KE_County_34,,34556,,218364,201701_Hsk1YV8kHkT,2017_Hsk1YV8kHkT,,,,
2017,2017,2017,,Kenya,Migori County,fVra3Pwta0Q,Migori County,KE_County_44,,46605,,241929,201701_fVra3Pwta0Q,2017_fVra3Pwta0Q,,,,
2017,2017,2017,,Kenya,Nakuru County,ob6SxuRcqU4,Nakuru County,KE_County_32,,78716,,478822,201701_ob6SxuRcqU4,2017_ob6SxuRcqU4,,,,
2017,2017,2017,,Kenya,Uasin Gishu County,pZqQRRW7PHP,Uasin Gishu County,KE_County_27,,47778,,286671,201701_pZqQRRW7PHP,2017_pZqQRRW7PHP,,,,
2017,2017,2017,,Kenya,Homa Bay County,nK0A12Q7MvS,Homa Bay County,KE_County_43,,46496,,283518,201701_nK0A12Q7MvS,2017_nK0A12Q7MvS,,,,
2017,2017,2017,,Kenya,Vihiga County,sANMZ3lpqGs,Vihiga County,KE_County_38,,22433,,145421,201701_sANMZ3lpqGs,2017_sANMZ3lpqGs,,,,
2017,2017,2017,,Kenya,Kwale County,N7YETT3A9r1,Kwale County,KE_County_2,,38535,,243350,201701_N7YETT3A9r1,2017_N7YETT3A9r1,,,,
2017,2017,2017,,Kenya,West Pokot County,XWALbfAPa6n,West Pokot County,KE_County_24,,27801,,165473,201701_XWALbfAPa6n,2017_XWALbfAPa6n,,,,
2017,2017,2017,,Kenya,Bomet County,HMNARUV2CW4,Bomet County,KE_County_36,,35088,,225607,201701_HMNARUV2CW4,2017_HMNARUV2CW4,,,,
2017,2017,2017,,Kenya,Taita Taveta County,QyGNX2DpR4h,Taita Taveta County,KE_County_6,,11698,,86137,201701_QyGNX2DpR4h,2017_QyGNX2DpR4h,,,,
2017,2017,2017,,Kenya,Mandera County,R6f9znhg37c,Mandera County,KE_County_9,,45698,,241362,201701_R6f9znhg37c,2017_R6f9znhg37c,,,,
2017,2017,2017,,Kenya,Isiolo County,bzOfj0iwfDH,Isiolo County,KE_County_11,,6972,,38143,201701_bzOfj0iwfDH,2017_bzOfj0iwfDH,,,,
2017,2017,2017,,Kenya,Kericho County,ihZsJ8alvtb,Kericho County,KE_County_35,,35915,,211670,201701_ihZsJ8alvtb,2017_ihZsJ8alvtb,,,,
2017,2017,2017,,Kenya,Kirinyaga County,Ulj33KBau7V,Kirinyaga County,KE_County_20,,14653,,166850,201701_Ulj33KBau7V,2017_Ulj33KBau7V,,,,
2017,2017,2017,,Kenya,Kitui County,j8o6iO4Njsi,Kitui County,KE_County_15,,42600,,257126,201701_j8o6iO4Njsi,2017_j8o6iO4Njsi,,,,
2017,2017,2017,,Kenya,Laikipia County,xuFdFy6t9AH,Laikipia County,KE_County_31,,17060,,125696,201701_xuFdFy6t9AH,2017_xuFdFy6t9AH,,,,
2017,2017,2017,,Kenya,Tharaka Nithi County,T4urHM47nlm,Tharaka Nithi County,KE_County_13,,12725,,108424,201701_T4urHM47nlm,2017_T4urHM47nlm,,,,
2017,2017,2017,,Kenya,Embu County,PFu8alU2KWG,Embu County,KE_County_14,,15871,,128192,201701_PFu8alU2KWG,2017_PFu8alU2KWG,,,,
2017,2017,2017,,Kenya,Kisii County,sPkRcDvhGWA,Kisii County,KE_County_45,,51993,,345690,201701_sPkRcDvhGWA,2017_sPkRcDvhGWA,,,,
2017,2017,2017,,Kenya,Baringo County,vvOK1BxTbet,Baringo County,KE_County_30,,27244,,174099,201701_vvOK1BxTbet,2017_vvOK1BxTbet,,,,
2017,2017,2017,,Kenya,Nyeri County,ptWVfaCIdVx,Nyeri County,KE_County_19,,19662,,201624,201701_ptWVfaCIdVx,2017_ptWVfaCIdVx,,,,
2017,2017,2017,,Kenya,Marsabit County,Eey8fT4Im3y,Marsabit County,KE_County_10,,13409,,76618,201701_Eey8fT4Im3y,2017_Eey8fT4Im3y,,,,
2017,2017,2017,,Kenya,Garissa County,uyOrcHZBpW0,Garissa County,KE_County_7,,25879,,161837,201701_uyOrcHZBpW0,2017_uyOrcHZBpW0,,,,
2017,2017,2017,,Kenya,Trans Nzoia County,mThvosEflAU,Trans Nzoia County,KE_County_26,,43428,,258941,201701_mThvosEflAU,2017_mThvosEflAU,,,,
2017,2017,2017,,Kenya,Machakos County,yhCUgGcCcOo,Machakos County,KE_County_16,,42253,,297899,201701_yhCUgGcCcOo,2017_yhCUgGcCcOo,,,,
2018,2018,2018,,Kenya,Kwale County,N7YETT3A9r1,Kwale County,KE_County_2,,34097,,201819,201801_N7YETT3A9r1,2018_N7YETT3A9r1,,,,
2018,2018,2018,,Kenya,Uasin Gishu County,pZqQRRW7PHP,Uasin Gishu County,KE_County_27,,44775,,291287,201801_pZqQRRW7PHP,2018_pZqQRRW7PHP,,,,
2018,2018,2018,,Kenya,Isiolo County,bzOfj0iwfDH,Isiolo County,KE_County_11,,7168,,43931,201801_bzOfj0iwfDH,2018_bzOfj0iwfDH,,,,
2018,2018,2018,,Kenya,Elgeyo Marakwet County,MqnLxQBigG0,Elgeyo Marakwet County,KE_County_28,,19301,,120579,201801_MqnLxQBigG0,2018_MqnLxQBigG0,,,,
2018,2018,2018,,Kenya,Mandera County,R6f9znhg37c,Mandera County,KE_County_9,,48613,,292161,201801_R6f9znhg37c,2018_R6f9znhg37c,,,,
2018,2018,2018,,Kenya,Vihiga County,sANMZ3lpqGs,Vihiga County,KE_County_38,,19388,,168803,201801_sANMZ3lpqGs,2018_sANMZ3lpqGs,,,,
2018,2018,2018,,Kenya,West Pokot County,XWALbfAPa6n,West Pokot County,KE_County_24,,29869,,167332,201801_XWALbfAPa6n,2018_XWALbfAPa6n,,,,
2018,2018,2018,,Kenya,Nairobi County,jkG3zaihdSs,Nairobi County,KE_County_47,,157779,,1551751,201801_jkG3zaihdSs,2018_jkG3zaihdSs,,,,
2018,2018,2018,,Kenya,Kajiado County,Hsk1YV8kHkT,Kajiado County,KE_County_34,,35467,,224004,201801_Hsk1YV8kHkT,2018_Hsk1YV8kHkT,,,,
2018,2018,2018,,Kenya,Homa Bay County,nK0A12Q7MvS,Homa Bay County,KE_County_43,,47462,,289424,201801_nK0A12Q7MvS,2018_nK0A12Q7MvS,,,,
2018,2018,2018,,Kenya,Turkana County,kphDeKClFch,Turkana County,KE_County_23,,28028,,278804,201801_kphDeKClFch,2018_kphDeKClFch,,,,
2018,2018,2018,,Kenya,Laikipia County,xuFdFy6t9AH,Laikipia County,KE_County_31,,18109,,130076,201801_xuFdFy6t9AH,2018_xuFdFy6t9AH,,,,
2018,2018,2018,,Kenya,Nandi County,t0J75eHKxz5,Nandi County,KE_County_29,,35391,,245602,201801_t0J75eHKxz5,2018_t0J75eHKxz5,,,,
2018,2018,2018,,Kenya,Kakamega County,BjC1xL40gHo,Kakamega County,KE_County_37,,70084,,506430,201801_BjC1xL40gHo,2018_BjC1xL40gHo,,,,
2018,2018,2018,,Kenya,Baringo County,vvOK1BxTbet,Baringo County,KE_County_30,,28403,,175023,201801_vvOK1BxTbet,2018_vvOK1BxTbet,,,,
2018,2018,2018,,Kenya,Narok County,kqJ83J2D72s,Narok County,KE_County_33,,52611,,252635,201801_kqJ83J2D72s,2018_kqJ83J2D72s,,,,
2018,2018,2018,,Kenya,Kisumu County,tAbBVBbueqD,Kisumu County,KE_County_42,,47067,,287954,201801_tAbBVBbueqD,2018_tAbBVBbueqD,,,,
2018,2018,2018,,Kenya,Kericho County,ihZsJ8alvtb,Kericho County,KE_County_35,,35226,,230423,201801_ihZsJ8alvtb,2018_ihZsJ8alvtb,,,,
2018,2018,2018,,Kenya,Taita Taveta County,QyGNX2DpR4h,Taita Taveta County,KE_County_6,,11055,,90306,201801_QyGNX2DpR4h,2018_QyGNX2DpR4h,,,,
2018,2018,2018,,Kenya,Muranga County,ahwTMNAJvrL,Muranga County,KE_County_21,,41169,,273787,201801_ahwTMNAJvrL,2018_ahwTMNAJvrL,,,,
2018,2018,2018,,Kenya,Kirinyaga County,Ulj33KBau7V,Kirinyaga County,KE_County_20,,15051,,170198,201801_Ulj33KBau7V,2018_Ulj33KBau7V,,,,
2018,2018,2018,,Kenya,Samburu County,o36zCRjSd4G,Samburu County,KE_County_25,,13237,,62611,201801_o36zCRjSd4G,2018_o36zCRjSd4G,,,,
2018,2018,2018,,Kenya,Nakuru County,ob6SxuRcqU4,Nakuru County,KE_County_32,,80643,,529710,201801_ob6SxuRcqU4,2018_ob6SxuRcqU4,,,,
2018,2018,2018,,Kenya,Migori County,fVra3Pwta0Q,Migori County,KE_County_44,,49246,,251199,201801_fVra3Pwta0Q,2018_fVra3Pwta0Q,,,,
2018,2018,2018,,Kenya,Wajir County,CeLsrJOH0g9,Wajir County,KE_County_8,,28483,,154627,201801_CeLsrJOH0g9,2018_CeLsrJOH0g9,,,,
2018,2018,2018,,Kenya,Mombasa County,wsBsC6gjHvn,Mombasa County,KE_County_1,,47079,,328050.57,201801_wsBsC6gjHvn,2018_wsBsC6gjHvn,,,,
2018,2018,2018,,Kenya,Bungoma County,KGHhQ5GLd4k,Bungoma County,KE_County_39,,65489,,394095,201801_KGHhQ5GLd4k,2018_KGHhQ5GLd4k,,,,
2018,2018,2018,,Kenya,Garissa County,uyOrcHZBpW0,Garissa County,KE_County_7,,22261,,168130,201801_uyOrcHZBpW0,2018_uyOrcHZBpW0,,,,
2018,2018,2018,,Kenya,Marsabit County,Eey8fT4Im3y,Marsabit County,KE_County_10,,13549,,77418,201801_Eey8fT4Im3y,2018_Eey8fT4Im3y,,,,
2018,2018,2018,,Kenya,Kiambu County,qKzosKQPl6G,Kiambu County,KE_County_22,,54809,,556662,201801_qKzosKQPl6G,2018_qKzosKQPl6G,,,,
2018,2018,2018,,Kenya,Kitui County,j8o6iO4Njsi,Kitui County,KE_County_15,,43350,,257063,201801_j8o6iO4Njsi,2018_j8o6iO4Njsi,,,,
2018,2018,2018,,Kenya,Nyandarua County,mYZacFNIB3h,Nyandarua County,KE_County_18,,17356,,179797,201801_mYZacFNIB3h,2018_mYZacFNIB3h,,,,
2018,2018,2018,,Kenya,Nyeri County,ptWVfaCIdVx,Nyeri County,KE_County_19,,19111,,216037,201801_ptWVfaCIdVx,2018_ptWVfaCIdVx,,,,
2018,2018,2018,,Kenya,Makueni County,BoDytkJQ4Qi,Makueni County,KE_County_17,,31325,,225154.3,201801_BoDytkJQ4Qi,2018_BoDytkJQ4Qi,,,,
2018,2018,2018,,Kenya,Nyamira County,uepLTG8wGWJ,Nyamira County,KE_County_46,,24683,,182851,201801_uepLTG8wGWJ,2018_uepLTG8wGWJ,,,,
2018,2018,2018,,Kenya,Meru County,Y52XNJ50hYb,Meru County,KE_County_12,,46235,,376027,201801_Y52XNJ50hYb,2018_Y52XNJ50hYb,,,,
2018,2018,2018,,Kenya,Embu County,PFu8alU2KWG,Embu County,KE_County_14,,15013,,143763,201801_PFu8alU2KWG,2018_PFu8alU2KWG,,,,
2018,2018,2018,,Kenya,Busia County,Tvf1zgVZ0K4,Busia County,KE_County_40,,22589,,198285,201801_Tvf1zgVZ0K4,2018_Tvf1zgVZ0K4,,,,
2018,2018,2018,,Kenya,Machakos County,yhCUgGcCcOo,Machakos County,KE_County_16,,34023,,294619,201801_yhCUgGcCcOo,2018_yhCUgGcCcOo,,,,
2018,2018,2018,,Kenya,Siaya County,u4t9H8XyU9P,Siaya County,KE_County_41,,38993,,223543,201801_u4t9H8XyU9P,2018_u4t9H8XyU9P,,,,
2018,2018,2018,,Kenya,Trans Nzoia County,mThvosEflAU,Trans Nzoia County,KE_County_26,,44837,,267913,201801_mThvosEflAU,2018_mThvosEflAU,,,,
2018,2018,2018,,Kenya,Lamu County,NjWSbQTwys4,Lamu County,KE_County_5,,,,30866,201801_NjWSbQTwys4,2018_NjWSbQTwys4,,,,
2018,2018,2018,,Kenya,Kilifi County,nrI2khZx3d0,Kilifi County,KE_County_3,,57736,,347094,201801_nrI2khZx3d0,2018_nrI2khZx3d0,,,,
2018,2018,2018,,Kenya,Kisii County,sPkRcDvhGWA,Kisii County,KE_County_45,,45845,,292342,201801_sPkRcDvhGWA,2018_sPkRcDvhGWA,,,,
2018,2018,2018,,Kenya,Tana River County,JsH2bnvNt2d,Tana River County,KE_County_4,,14258,,69024,201801_JsH2bnvNt2d,2018_JsH2bnvNt2d,,,,
2018,2018,2018,,Kenya,Bomet County,HMNARUV2CW4,Bomet County,KE_County_36,,35596,,229615,201801_HMNARUV2CW4,2018_HMNARUV2CW4,,,,
2018,2018,2018,,Kenya,Tharaka Nithi County,T4urHM47nlm,Tharaka Nithi County,KE_County_13,,12983,,110528,201801_T4urHM47nlm,2018_T4urHM47nlm,,,,
2019,2019,2019,,Kenya,Nakuru County,ob6SxuRcqU4,Nakuru County,KE_County_32,,78781,,547333,201901_ob6SxuRcqU4,2019_ob6SxuRcqU4,,,,
2019,2019,2019,,Kenya,Lamu County,NjWSbQTwys4,Lamu County,KE_County_5,,4710,,31873,201901_NjWSbQTwys4,2019_NjWSbQTwys4,,,,
2019,2019,2019,,Kenya,Marsabit County,Eey8fT4Im3y,Marsabit County,KE_County_10,,13770,,74780,201901_Eey8fT4Im3y,2019_Eey8fT4Im3y,,,,
2019,2019,2019,,Kenya,Nyandarua County,mYZacFNIB3h,Nyandarua County,KE_County_18,,19275,,184218,201901_mYZacFNIB3h,2019_mYZacFNIB3h,,,,
2019,2019,2019,,Kenya,Tana River County,JsH2bnvNt2d,Tana River County,KE_County_4,,14735,,71266,201901_JsH2bnvNt2d,2019_JsH2bnvNt2d,,,,
2019,2019,2019,,Kenya,Kilifi County,nrI2khZx3d0,Kilifi County,KE_County_3,,59491,,358489,201901_nrI2khZx3d0,2019_nrI2khZx3d0,,,,
2019,2019,2019,,Kenya,Nyeri County,ptWVfaCIdVx,Nyeri County,KE_County_19,,19434,,220478,201901_ptWVfaCIdVx,2019_ptWVfaCIdVx,,,,
2019,2019,2019,,Kenya,Migori County,fVra3Pwta0Q,Migori County,KE_County_44,,50341,9775,260247,201901_fVra3Pwta0Q,2019_fVra3Pwta0Q,,,,
2019,2019,2019,,Kenya,Wajir County,CeLsrJOH0g9,Wajir County,KE_County_8,,26836,,158906,201901_CeLsrJOH0g9,2019_CeLsrJOH0g9,,,,
2019,2019,2019,,Kenya,Garissa County,uyOrcHZBpW0,Garissa County,KE_County_7,,27640,,170865,201901_uyOrcHZBpW0,2019_uyOrcHZBpW0,,,,
2019,2019,2019,,Kenya,Siaya County,u4t9H8XyU9P,Siaya County,KE_County_41,,31914,16989,229348,201901_u4t9H8XyU9P,2019_u4t9H8XyU9P,,,,
2019,2019,2019,,Kenya,Busia County,Tvf1zgVZ0K4,Busia County,KE_County_40,,33360,,201282,201901_Tvf1zgVZ0K4,2019_Tvf1zgVZ0K4,,,,
2019,2019,2019,,Kenya,Makueni County,BoDytkJQ4Qi,Makueni County,KE_County_17,,29742,,228300,201901_BoDytkJQ4Qi,2019_BoDytkJQ4Qi,,,,
2019,2019,2019,,Kenya,Meru County,Y52XNJ50hYb,Meru County,KE_County_12,,44816,,382516,201901_Y52XNJ50hYb,2019_Y52XNJ50hYb,,,,
2019,2019,2019,,Kenya,Nandi County,t0J75eHKxz5,Nandi County,KE_County_29,,37966,,252208,201901_t0J75eHKxz5,2019_t0J75eHKxz5,,,,
2019,2019,2019,,Kenya,Kitui County,j8o6iO4Njsi,Kitui County,KE_County_15,,43977,,260016,201901_j8o6iO4Njsi,2019_j8o6iO4Njsi,,,,
2019,2019,2019,,Kenya,Turkana County,kphDeKClFch,Turkana County,KE_County_23,,28978,,288258,201901_kphDeKClFch,2019_kphDeKClFch,,,,
2019,2019,2019,,Kenya,Nyamira County,uepLTG8wGWJ,Nyamira County,KE_County_46,,25247,,187255,201901_uepLTG8wGWJ,2019_uepLTG8wGWJ,,,,
2019,2019,2019,,Kenya,Kiambu County,qKzosKQPl6G,Kiambu County,KE_County_22,,56783,,569641,201901_qKzosKQPl6G,2019_qKzosKQPl6G,,,,
2019,2019,2019,,Kenya,Kericho County,ihZsJ8alvtb,Kericho County,KE_County_35,,41355,,238666,201901_ihZsJ8alvtb,2019_ihZsJ8alvtb,,,,
2019,2019,2019,,Kenya,Kirinyaga County,Ulj33KBau7V,Kirinyaga County,KE_County_20,,15396,,174772,201901_Ulj33KBau7V,2019_Ulj33KBau7V,,,,
2019,2019,2019,,Kenya,Muranga County,ahwTMNAJvrL,Muranga County,KE_County_21,,23225,,280660,201901_ahwTMNAJvrL,2019_ahwTMNAJvrL,,,,
2019,2019,2019,,Kenya,Samburu County,o36zCRjSd4G,Samburu County,KE_County_25,,9926,,64311,201901_o36zCRjSd4G,2019_o36zCRjSd4G,,,,
2019,2019,2019,,Kenya,Mombasa County,wsBsC6gjHvn,Mombasa County,KE_County_1,,48395,,385843,201901_wsBsC6gjHvn,2019_wsBsC6gjHvn,,,,
2019,2019,2019,,Kenya,Narok County,kqJ83J2D72s,Narok County,KE_County_33,,42690,,259965,201901_kqJ83J2D72s,2019_kqJ83J2D72s,,,,
2019,2019,2019,,Kenya,Kisumu County,tAbBVBbueqD,Kisumu County,KE_County_42,,46595,,295287,201901_tAbBVBbueqD,2019_tAbBVBbueqD,,,,
2019,2019,2019,,Kenya,Mandera County,R6f9znhg37c,Mandera County,KE_County_9,,34161,,215663,201901_R6f9znhg37c,2019_R6f9znhg37c,,,,
2019,2019,2019,,Kenya,Vihiga County,sANMZ3lpqGs,Vihiga County,KE_County_38,,23851,,173344,201901_sANMZ3lpqGs,2019_sANMZ3lpqGs,,,,
2019,2019,2019,,Kenya,West Pokot County,XWALbfAPa6n,West Pokot County,KE_County_24,,30881,,172139,201901_XWALbfAPa6n,2019_XWALbfAPa6n,,,,
2019,2019,2019,,Kenya,Nairobi County,jkG3zaihdSs,Nairobi County,KE_County_47,,165615,,1608363,201901_jkG3zaihdSs,2019_jkG3zaihdSs,,,,
2019,2019,2019,,Kenya,Taita Taveta County,QyGNX2DpR4h,Taita Taveta County,KE_County_6,,15103,,92735,201901_QyGNX2DpR4h,2019_QyGNX2DpR4h,,,,
2019,2019,2019,,Kenya,Machakos County,yhCUgGcCcOo,Machakos County,KE_County_16,,34854,,294911,201901_yhCUgGcCcOo,2019_yhCUgGcCcOo,,,,
2019,2019,2019,,Kenya,Kajiado County,Hsk1YV8kHkT,Kajiado County,KE_County_34,,36731,,231990,201901_Hsk1YV8kHkT,2019_Hsk1YV8kHkT,,,,
2019,2019,2019,,Kenya,Homa Bay County,nK0A12Q7MvS,Homa Bay County,KE_County_43,,48214,,293099,201901_nK0A12Q7MvS,2019_nK0A12Q7MvS,,,,
2019,2019,2019,,Kenya,Uasin Gishu County,pZqQRRW7PHP,Uasin Gishu County,KE_County_27,,45339,,275994,201901_pZqQRRW7PHP,2019_pZqQRRW7PHP,,,,
2019,2019,2019,,Kenya,Kakamega County,BjC1xL40gHo,Kakamega County,KE_County_37,,68852,,500502,201901_BjC1xL40gHo,2019_BjC1xL40gHo,,,,
2019,2019,2019,,Kenya,Baringo County,vvOK1BxTbet,Baringo County,KE_County_30,,29126,,188198,201901_vvOK1BxTbet,2019_vvOK1BxTbet,,,,
2019,2019,2019,,Kenya,Trans Nzoia County,mThvosEflAU,Trans Nzoia County,KE_County_26,,45822,,275120,201901_mThvosEflAU,2019_mThvosEflAU,,,,
2019,2019,2019,,Kenya,Elgeyo Marakwet County,MqnLxQBigG0,Elgeyo Marakwet County,KE_County_28,,19812,,123822,201901_MqnLxQBigG0,2019_MqnLxQBigG0,,,,
2019,2019,2019,,Kenya,Laikipia County,xuFdFy6t9AH,Laikipia County,KE_County_31,,17794,,133575,201901_xuFdFy6t9AH,2019_xuFdFy6t9AH,,,,
2019,2019,2019,,Kenya,Isiolo County,bzOfj0iwfDH,Isiolo County,KE_County_11,,7485,,51341,201901_bzOfj0iwfDH,2019_bzOfj0iwfDH,,,,
2019,2019,2019,,Kenya,Kwale County,N7YETT3A9r1,Kwale County,KE_County_2,,35398,,208405,201901_N7YETT3A9r1,2019_N7YETT3A9r1,,,,
2019,2019,2019,,Kenya,Embu County,PFu8alU2KWG,Embu County,KE_County_14,,15416,,147630,201901_PFu8alU2KWG,2019_PFu8alU2KWG,,,,
2019,2019,2019,,Kenya,Bungoma County,KGHhQ5GLd4k,Bungoma County,KE_County_39,,58642,,397598,201901_KGHhQ5GLd4k,2019_KGHhQ5GLd4k,,,,
2019,2019,2019,,Kenya,Kisii County,sPkRcDvhGWA,Kisii County,KE_County_45,,48447,,300422,201901_sPkRcDvhGWA,2019_sPkRcDvhGWA,,,,
2019,2019,2019,,Kenya,Bomet County,HMNARUV2CW4,Bomet County,KE_County_36,,31522,,229073,201901_HMNARUV2CW4,2019_HMNARUV2CW4,,,,
2019,2019,2019,,Kenya,Tharaka Nithi County,T4urHM47nlm,Tharaka Nithi County,KE_County_13,,13280,,113085,201901_T4urHM47nlm,2019_T4urHM47nlm,,,,
2020,2020,2020,,Kenya,Trans Nzoia County,mThvosEflAU,Trans Nzoia County,KE_County_26,,31632,18247,246168,202001_mThvosEflAU,2020_mThvosEflAU,,,,
2020,2020,2020,,Kenya,Kajiado County,Hsk1YV8kHkT,Kajiado County,KE_County_34,,38371,,312674,202001_Hsk1YV8kHkT,2020_Hsk1YV8kHkT,,,,
2020,2020,2020,,Kenya,Laikipia County,xuFdFy6t9AH,Laikipia County,KE_County_31,,16957,,128873,202001_xuFdFy6t9AH,2020_xuFdFy6t9AH,,,,
2020,2020,2020,,Kenya,Turkana County,kphDeKClFch,Turkana County,KE_County_23,,40465,,216269,202001_kphDeKClFch,2020_kphDeKClFch,,,,
2020,2020,2020,,Kenya,Nandi County,t0J75eHKxz5,Nandi County,KE_County_29,,24573,,229742,202001_t0J75eHKxz5,2020_t0J75eHKxz5,,,,
2020,2020,2020,,Kenya,Busia County,Tvf1zgVZ0K4,Busia County,KE_County_40,,28685,,224145,202001_Tvf1zgVZ0K4,2020_Tvf1zgVZ0K4,,,,
2020,2020,2020,,Kenya,Elgeyo Marakwet County,MqnLxQBigG0,Elgeyo Marakwet County,KE_County_28,,16561,,110930,202001_MqnLxQBigG0,2020_MqnLxQBigG0,,,,
2020,2020,2020,,Kenya,Kirinyaga County,Ulj33KBau7V,Kirinyaga County,KE_County_20,,13640,,165992,202001_Ulj33KBau7V,2020_Ulj33KBau7V,,,,
2020,2020,2020,,Kenya,Samburu County,o36zCRjSd4G,Samburu County,KE_County_25,,12398,24584,68455,202001_o36zCRjSd4G,2020_o36zCRjSd4G,,,,
2020,2020,2020,,Kenya,Kwale County,N7YETT3A9r1,Kwale County,KE_County_2,,34857,,213892,202001_N7YETT3A9r1,2020_N7YETT3A9r1,,,,
2020,2020,2020,,Kenya,Embu County,PFu8alU2KWG,Embu County,KE_County_14,,15561,,159579,202001_PFu8alU2KWG,2020_PFu8alU2KWG,,,,
2020,2020,2020,,Kenya,Isiolo County,bzOfj0iwfDH,Isiolo County,KE_County_11,,24448,,69253,202001_bzOfj0iwfDH,2020_bzOfj0iwfDH,,,,
2020,2020,2020,,Kenya,Narok County,kqJ83J2D72s,Narok County,KE_County_33,,45310,,265030,202001_kqJ83J2D72s,2020_kqJ83J2D72s,,,,
2020,2020,2020,,Kenya,Wajir County,CeLsrJOH0g9,Wajir County,KE_County_8,,25188,,166525,202001_CeLsrJOH0g9,2020_CeLsrJOH0g9,,,,
2020,2020,2020,,Kenya,Migori County,fVra3Pwta0Q,Migori County,KE_County_44,,47219,8811,274188,202001_fVra3Pwta0Q,2020_fVra3Pwta0Q,,,,
2020,2020,2020,,Kenya,Nairobi County,jkG3zaihdSs,Nairobi County,KE_County_47,,152679,,1461590,202001_jkG3zaihdSs,2020_jkG3zaihdSs,,,,
2020,2020,2020,,Kenya,Mandera County,R6f9znhg37c,Mandera County,KE_County_9,,30809,,178033,202001_R6f9znhg37c,2020_R6f9znhg37c,,,,
2020,2020,2020,,Kenya,Vihiga County,sANMZ3lpqGs,Vihiga County,KE_County_38,,17814,,143492,202001_sANMZ3lpqGs,2020_sANMZ3lpqGs,,,,
2020,2020,2020,,Kenya,Nakuru County,ob6SxuRcqU4,Nakuru County,KE_County_32,,68629,,570915,202001_ob6SxuRcqU4,2020_ob6SxuRcqU4,,,,
2020,2020,2020,,Kenya,Kakamega County,BjC1xL40gHo,Kakamega County,KE_County_37,,63074,,460775,202001_BjC1xL40gHo,2020_BjC1xL40gHo,,,,
2020,2020,2020,,Kenya,Siaya County,u4t9H8XyU9P,Siaya County,KE_County_41,,31455,30477,233174,202001_u4t9H8XyU9P,2020_u4t9H8XyU9P,,,,
2020,2020,2020,,Kenya,West Pokot County,XWALbfAPa6n,West Pokot County,KE_County_24,,29321,,139499,202001_XWALbfAPa6n,2020_XWALbfAPa6n,,,,
2020,2020,2020,,Kenya,Nyandarua County,mYZacFNIB3h,Nyandarua County,KE_County_18,,16585,,161516,202001_mYZacFNIB3h,2020_mYZacFNIB3h,,,,
2020,2020,2020,,Kenya,Uasin Gishu County,pZqQRRW7PHP,Uasin Gishu County,KE_County_27,,37905,16822,326796,202001_pZqQRRW7PHP,2020_pZqQRRW7PHP,,,,
2020,2020,2020,,Kenya,Muranga County,ahwTMNAJvrL,Muranga County,KE_County_21,,26326,,256175,202001_ahwTMNAJvrL,2020_ahwTMNAJvrL,,,,
2020,2020,2020,,Kenya,Nyamira County,uepLTG8wGWJ,Nyamira County,KE_County_46,,20752,,157257,202001_uepLTG8wGWJ,2020_uepLTG8wGWJ,,,,
2020,2020,2020,,Kenya,Kiambu County,qKzosKQPl6G,Kiambu County,KE_County_22,,64956,,735746,202001_qKzosKQPl6G,2020_qKzosKQPl6G,,,,
2020,2020,2020,,Kenya,Kisii County,sPkRcDvhGWA,Kisii County,KE_County_45,,39192,,307797,202001_sPkRcDvhGWA,2020_sPkRcDvhGWA,,,,
2020,2020,2020,,Kenya,Kitui County,j8o6iO4Njsi,Kitui County,KE_County_15,,33688,,289014,202001_j8o6iO4Njsi,2020_j8o6iO4Njsi,,,,
2020,2020,2020,,Kenya,Makueni County,BoDytkJQ4Qi,Makueni County,KE_County_17,,23474,,236176,202001_BoDytkJQ4Qi,2020_BoDytkJQ4Qi,,,,
2020,2020,2020,,Kenya,Tharaka Nithi County,T4urHM47nlm,Tharaka Nithi County,KE_County_13,,11620,,100458,202001_T4urHM47nlm,2020_T4urHM47nlm,,,,
2020,2020,2020,,Kenya,Kericho County,ihZsJ8alvtb,Kericho County,KE_County_35,,27781,,236122,202001_ihZsJ8alvtb,2020_ihZsJ8alvtb,,,,
2020,2020,2020,,Kenya,Tana River County,JsH2bnvNt2d,Tana River County,KE_County_4,,13328,,77085,202001_JsH2bnvNt2d,2020_JsH2bnvNt2d,,,,
2020,2020,2020,,Kenya,Mombasa County,wsBsC6gjHvn,Mombasa County,KE_County_1,,38932,,364746,202001_wsBsC6gjHvn,2020_wsBsC6gjHvn,,,,
2020,2020,2020,,Kenya,Kisumu County,tAbBVBbueqD,Kisumu County,KE_County_42,,40974,,300526,202001_tAbBVBbueqD,2020_tAbBVBbueqD,,,,
2020,2020,2020,,Kenya,Bungoma County,KGHhQ5GLd4k,Bungoma County,KE_County_39,,59820,,408267,202001_KGHhQ5GLd4k,2020_KGHhQ5GLd4k,,,,
2020,2020,2020,,Kenya,Kilifi County,nrI2khZx3d0,Kilifi County,KE_County_3,,53381,,371641,202001_nrI2khZx3d0,2020_nrI2khZx3d0,,,,
2020,2020,2020,,Kenya,Baringo County,vvOK1BxTbet,Baringo County,KE_County_30,,22791,,156691,202001_vvOK1BxTbet,2020_vvOK1BxTbet,,,,
2020,2020,2020,,Kenya,Bomet County,HMNARUV2CW4,Bomet County,KE_County_36,,27782,,223603,202001_HMNARUV2CW4,2020_HMNARUV2CW4,,,,
2020,2020,2020,,Kenya,Taita Taveta County,QyGNX2DpR4h,Taita Taveta County,KE_County_6,,9474,906,84884,202001_QyGNX2DpR4h,2020_QyGNX2DpR4h,,,,
2020,2020,2020,,Kenya,Meru County,Y52XNJ50hYb,Meru County,KE_County_12,,42381,,405847.2,202001_Y52XNJ50hYb,2020_Y52XNJ50hYb,,,,
2020,2020,2020,,Kenya,Lamu County,NjWSbQTwys4,Lamu County,KE_County_5,,4847,,33620,202001_NjWSbQTwys4,2020_NjWSbQTwys4,,,,
2020,2020,2020,,Kenya,Homa Bay County,nK0A12Q7MvS,Homa Bay County,KE_County_43,,39907,,278143,202001_nK0A12Q7MvS,2020_nK0A12Q7MvS,,,,
2020,2020,2020,,Kenya,Machakos County,yhCUgGcCcOo,Machakos County,KE_County_16,,34152,,381541,202001_yhCUgGcCcOo,2020_yhCUgGcCcOo,,,,
2020,2020,2020,,Kenya,Nyeri County,ptWVfaCIdVx,Nyeri County,KE_County_19,,17220,,195081,202001_ptWVfaCIdVx,2020_ptWVfaCIdVx,,,,
2020,2020,2020,,Kenya,Marsabit County,Eey8fT4Im3y,Marsabit County,KE_County_10,,15757,,104014,202001_Eey8fT4Im3y,2020_Eey8fT4Im3y,,,,
2020,2020,2020,,Kenya,Garissa County,uyOrcHZBpW0,Garissa County,KE_County_7,,43114,,273913,202001_uyOrcHZBpW0,2020_uyOrcHZBpW0,,,,
2021,2021,2021,,Kenya,Lamu County,NjWSbQTwys4,Lamu County,KE_County_5,,4996,,34653,202101_NjWSbQTwys4,2021_NjWSbQTwys4,,,,
2021,2021,2021,,Kenya,Nyandarua County,mYZacFNIB3h,Nyandarua County,KE_County_18,,16981,,165389,202101_mYZacFNIB3h,2021_mYZacFNIB3h,,,,
2021,2021,2021,,Kenya,Marsabit County,Eey8fT4Im3y,Marsabit County,KE_County_10,,16249,,107258,202101_Eey8fT4Im3y,2021_Eey8fT4Im3y,,,,
2021,2021,2021,,Kenya,Nakuru County,ob6SxuRcqU4,Nakuru County,KE_County_32,,72018,,596904,202101_ob6SxuRcqU4,2021_ob6SxuRcqU4,,,,
2021,2021,2021,,Kenya,Kilifi County,nrI2khZx3d0,Kilifi County,KE_County_3,,55161,,384018,202101_nrI2khZx3d0,2021_nrI2khZx3d0,,,,
2021,2021,2021,,Kenya,Wajir County,CeLsrJOH0g9,Wajir County,KE_County_8,,25998,,171563,202101_CeLsrJOH0g9,2021_CeLsrJOH0g9,,,,
2021,2021,2021,,Kenya,Nyeri County,ptWVfaCIdVx,Nyeri County,KE_County_19,,18046,,199333,202101_ptWVfaCIdVx,2021_ptWVfaCIdVx,,,,
2021,2021,2021,,Kenya,Migori County,fVra3Pwta0Q,Migori County,KE_County_44,,49028,9131,284700,202101_fVra3Pwta0Q,2021_fVra3Pwta0Q,,,,
2021,2021,2021,,Kenya,Embu County,PFu8alU2KWG,Embu County,KE_County_14,,15929,,163334,202101_PFu8alU2KWG,2021_PFu8alU2KWG,,,,
2021,2021,2021,,Kenya,Mombasa County,wsBsC6gjHvn,Mombasa County,KE_County_1,,40076,,375462,202101_wsBsC6gjHvn,2021_wsBsC6gjHvn,,,,
2021,2021,2021,,Kenya,Bungoma County,KGHhQ5GLd4k,Bungoma County,KE_County_39,,61766,,421554,202101_KGHhQ5GLd4k,2021_KGHhQ5GLd4k,,,,
2021,2021,2021,,Kenya,Narok County,kqJ83J2D72s,Narok County,KE_County_33,,46921,,274450,202101_kqJ83J2D72s,2021_kqJ83J2D72s,,,,
2021,2021,2021,,Kenya,Tana River County,JsH2bnvNt2d,Tana River County,KE_County_4,,13066,,81471,202101_JsH2bnvNt2d,2021_JsH2bnvNt2d,,,,
2021,2021,2021,,Kenya,Trans Nzoia County,mThvosEflAU,Trans Nzoia County,KE_County_26,,32553,,253335,202101_mThvosEflAU,2021_mThvosEflAU,,,,
2021,2021,2021,,Kenya,Kitui County,j8o6iO4Njsi,Kitui County,KE_County_15,,34604,,296857,202101_j8o6iO4Njsi,2021_j8o6iO4Njsi,,,,
2021,2021,2021,,Kenya,Kiambu County,qKzosKQPl6G,Kiambu County,KE_County_22,,66554,9131,753869,202101_qKzosKQPl6G,2021_qKzosKQPl6G,,,,
2021,2021,2021,,Kenya,Kericho County,ihZsJ8alvtb,Kericho County,KE_County_35,,28561,,242748,202101_ihZsJ8alvtb,2021_ihZsJ8alvtb,,,,
2021,2021,2021,,Kenya,Kirinyaga County,Ulj33KBau7V,Kirinyaga County,KE_County_20,,13920,,169417,202101_Ulj33KBau7V,2021_Ulj33KBau7V,,,,
2021,2021,2021,,Kenya,Samburu County,o36zCRjSd4G,Samburu County,KE_County_25,,12769,12031,70508,202101_o36zCRjSd4G,2021_o36zCRjSd4G,,,,
2021,2021,2021,,Kenya,Garissa County,uyOrcHZBpW0,Garissa County,KE_County_7,,44334,,281989,202101_uyOrcHZBpW0,2021_uyOrcHZBpW0,,,,
2021,2021,2021,,Kenya,Homa Bay County,nK0A12Q7MvS,Homa Bay County,KE_County_43,,41191,,287099,202101_nK0A12Q7MvS,2021_nK0A12Q7MvS,,,,
2021,2021,2021,,Kenya,Meru County,Y52XNJ50hYb,Meru County,KE_County_12,,48842,102247,415166,202101_Y52XNJ50hYb,2021_Y52XNJ50hYb,,,,
2021,2021,2021,,Kenya,Laikipia County,xuFdFy6t9AH,Laikipia County,KE_County_31,,17461,,132703,202101_xuFdFy6t9AH,2021_xuFdFy6t9AH,,,,
2021,2021,2021,,Kenya,Baringo County,vvOK1BxTbet,Baringo County,KE_County_30,,23508,,161588,202101_vvOK1BxTbet,2021_vvOK1BxTbet,,,,
2021,2021,2021,,Kenya,Mandera County,R6f9znhg37c,Mandera County,KE_County_9,,31804,,183772,202101_R6f9znhg37c,2021_R6f9znhg37c,,,,
2021,2021,2021,,Kenya,Vihiga County,sANMZ3lpqGs,Vihiga County,KE_County_38,,19468,,147701,202101_sANMZ3lpqGs,2021_sANMZ3lpqGs,,,,
2021,2021,2021,,Kenya,Nairobi County,jkG3zaihdSs,Nairobi County,KE_County_47,,159248,,1509941,202101_jkG3zaihdSs,2021_jkG3zaihdSs,,,,
2021,2021,2021,,Kenya,West Pokot County,XWALbfAPa6n,West Pokot County,KE_County_24,,30563,,145414,202101_XWALbfAPa6n,2021_XWALbfAPa6n,,,,
2021,2021,2021,,Kenya,Machakos County,yhCUgGcCcOo,Machakos County,KE_County_16,,34905,,389967,202101_yhCUgGcCcOo,2021_yhCUgGcCcOo,,,,
2021,2021,2021,,Kenya,Taita Taveta County,QyGNX2DpR4h,Taita Taveta County,KE_County_6,,9716,,87050,202101_QyGNX2DpR4h,2021_QyGNX2DpR4h,,,,
2021,2021,2021,,Kenya,Kwale County,N7YETT3A9r1,Kwale County,KE_County_2,,36124,,221679,202101_N7YETT3A9r1,2021_N7YETT3A9r1,,,,
2021,2021,2021,,Kenya,Kisumu County,tAbBVBbueqD,Kisumu County,KE_County_42,,39891,,319931,202101_tAbBVBbueqD,2021_tAbBVBbueqD,,,,
2021,2021,2021,,Kenya,Kisii County,sPkRcDvhGWA,Kisii County,KE_County_45,,40301,,316508,202101_sPkRcDvhGWA,2021_sPkRcDvhGWA,,,,
2021,2021,2021,,Kenya,Bomet County,HMNARUV2CW4,Bomet County,KE_County_36,,28589,,230087,202101_HMNARUV2CW4,2021_HMNARUV2CW4,,,,
2021,2021,2021,,Kenya,Tharaka Nithi County,T4urHM47nlm,Tharaka Nithi County,KE_County_13,,11933,,104605,202101_T4urHM47nlm,2021_T4urHM47nlm,,,,
2021,2021,2021,,Kenya,Elgeyo Marakwet County,MqnLxQBigG0,Elgeyo Marakwet County,KE_County_28,,17111,,114604,202101_MqnLxQBigG0,2021_MqnLxQBigG0,,,,
2021,2021,2021,,Kenya,Turkana County,kphDeKClFch,Turkana County,KE_County_23,,42055,,224764,202101_kphDeKClFch,2021_kphDeKClFch,,,,
2021,2021,2021,,Kenya,Nyamira County,uepLTG8wGWJ,Nyamira County,KE_County_46,,21312,,162477,202101_uepLTG8wGWJ,2021_uepLTG8wGWJ,,,,
2021,2021,2021,,Kenya,Isiolo County,bzOfj0iwfDH,Isiolo County,KE_County_11,,7923,,64544,202101_bzOfj0iwfDH,2021_bzOfj0iwfDH,,,,
2021,2021,2021,,Kenya,Muranga County,ahwTMNAJvrL,Muranga County,KE_County_21,,26929,,262052,202101_ahwTMNAJvrL,2021_ahwTMNAJvrL,,,,
2021,2021,2021,,Kenya,Siaya County,u4t9H8XyU9P,Siaya County,KE_County_41,,32366,17370,217796,202101_u4t9H8XyU9P,2021_u4t9H8XyU9P,,,,
2021,2021,2021,,Kenya,Makueni County,BoDytkJQ4Qi,Makueni County,KE_County_17,,24031,,239352,202101_BoDytkJQ4Qi,2021_BoDytkJQ4Qi,,,,
2021,2021,2021,,Kenya,Kajiado County,Hsk1YV8kHkT,Kajiado County,KE_County_34,,39573,,322477,202101_Hsk1YV8kHkT,2021_Hsk1YV8kHkT,,,,
2021,2021,2021,,Kenya,Uasin Gishu County,pZqQRRW7PHP,Uasin Gishu County,KE_County_27,,39030,,336512,202101_pZqQRRW7PHP,2021_pZqQRRW7PHP,,,,
2021,2021,2021,,Kenya,Busia County,Tvf1zgVZ0K4,Busia County,KE_County_40,,29517,,230672,202101_Tvf1zgVZ0K4,2021_Tvf1zgVZ0K4,,,,
2021,2021,2021,,Kenya,Nandi County,t0J75eHKxz5,Nandi County,KE_County_29,,26090,,233251,202101_t0J75eHKxz5,2021_t0J75eHKxz5,,,,
2021,2021,2021,,Kenya,Kakamega County,BjC1xL40gHo,Kakamega County,KE_County_37,,65019,,474984,202101_BjC1xL40gHo,2021_BjC1xL40gHo,,,,
2022,2022,2022,,Kenya,Isiolo County,bzOfj0iwfDH,Isiolo County,KE_County_11,,7027,19170,64295,202201_bzOfj0iwfDH,2022_bzOfj0iwfDH,,,,
2022,2022,2022,,Kenya,Mandera County,R6f9znhg37c,Mandera County,KE_County_9,,32821,75875,189732,202201_R6f9znhg37c,2022_R6f9znhg37c,,,,
2022,2022,2022,,Kenya,Elgeyo Marakwet County,MqnLxQBigG0,Elgeyo Marakwet County,KE_County_28,,17668,34929,118538,202201_MqnLxQBigG0,2022_MqnLxQBigG0,,,,
2022,2022,2022,,Kenya,Turkana County,kphDeKClFch,Turkana County,KE_County_23,,43837,73040,233864,202201_kphDeKClFch,2022_kphDeKClFch,,,,
2022,2022,2022,,Kenya,Vihiga County,sANMZ3lpqGs,Vihiga County,KE_County_38,,19810,46541,152137,202201_sANMZ3lpqGs,2022_sANMZ3lpqGs,,,,
2022,2022,2022,,Kenya,Laikipia County,xuFdFy6t9AH,Laikipia County,KE_County_31,,17996,34056,136771,202201_xuFdFy6t9AH,2022_xuFdFy6t9AH,,,,
2022,2022,2022,,Kenya,West Pokot County,XWALbfAPa6n,West Pokot County,KE_County_24,,40323,51711,191827,202201_XWALbfAPa6n,2022_XWALbfAPa6n,,,,
2022,2022,2022,,Kenya,Nairobi County,jkG3zaihdSs,Nairobi County,KE_County_47,,164489,206720,1559652,202201_jkG3zaihdSs,2022_jkG3zaihdSs,,,,
2022,2022,2022,,Kenya,Kajiado County,Hsk1YV8kHkT,Kajiado County,KE_County_34,,40853,69814,332902,202201_Hsk1YV8kHkT,2022_Hsk1YV8kHkT,,,,
2022,2022,2022,,Kenya,Homa Bay County,nK0A12Q7MvS,Homa Bay County,KE_County_43,,42558,90271,296631,202201_nK0A12Q7MvS,2022_nK0A12Q7MvS,,,,
2022,2022,2022,,Kenya,Uasin Gishu County,pZqQRRW7PHP,Uasin Gishu County,KE_County_27,,40227,78158,346824,202201_pZqQRRW7PHP,2022_pZqQRRW7PHP,,,,
2022,2022,2022,,Kenya,Kakamega County,BjC1xL40gHo,Kakamega County,KE_County_37,,67466,156538,489639,202201_BjC1xL40gHo,2022_BjC1xL40gHo,,,,
2022,2022,2022,,Kenya,Busia County,Tvf1zgVZ0K4,Busia County,KE_County_40,,30407,74488,237629,202201_Tvf1zgVZ0K4,2022_Tvf1zgVZ0K4,,,,
2022,2022,2022,,Kenya,Nandi County,t0J75eHKxz5,Nandi County,KE_County_29,,26798,65726,239584,202201_t0J75eHKxz5,2022_t0J75eHKxz5,,,,
2022,2022,2022,,Kenya,Baringo County,vvOK1BxTbet,Baringo County,KE_County_30,,24263,52440,166778,202201_vvOK1BxTbet,2022_vvOK1BxTbet,,,,
2022,2022,2022,,Kenya,Embu County,PFu8alU2KWG,Embu County,KE_County_14,,16323,35157,167305,202201_PFu8alU2KWG,2022_PFu8alU2KWG,,,,
2022,2022,2022,,Kenya,Siaya County,u4t9H8XyU9P,Siaya County,KE_County_41,,33361,79527,224279,202201_u4t9H8XyU9P,2022_u4t9H8XyU9P,,,,
2022,2022,2022,,Kenya,Machakos County,yhCUgGcCcOo,Machakos County,KE_County_16,,35699,85997,398842,202201_yhCUgGcCcOo,2022_yhCUgGcCcOo,,,,
2022,2022,2022,,Kenya,Trans Nzoia County,mThvosEflAU,Trans Nzoia County,KE_County_26,,33531,78889,260938,202201_mThvosEflAU,2022_mThvosEflAU,,,,
2022,2022,2022,,Kenya,Lamu County,NjWSbQTwys4,Lamu County,KE_County_5,,6810,9553,47985,202201_NjWSbQTwys4,2022_NjWSbQTwys4,,,,
2022,2022,2022,,Kenya,Tana River County,JsH2bnvNt2d,Tana River County,KE_County_4,,11813,24735,84509,202201_JsH2bnvNt2d,2022_JsH2bnvNt2d,,,,
2022,2022,2022,,Kenya,Kilifi County,nrI2khZx3d0,Kilifi County,KE_County_3,,57052,110718,397205,202201_nrI2khZx3d0,2022_nrI2khZx3d0,,,,
2022,2022,2022,,Kenya,Kisii County,sPkRcDvhGWA,Kisii County,KE_County_45,,41476,103035,325741,202201_sPkRcDvhGWA,2022_sPkRcDvhGWA,,,,
2022,2022,2022,,Kenya,Bomet County,HMNARUV2CW4,Bomet County,KE_County_36,,29444,69327,236968,202201_HMNARUV2CW4,2022_HMNARUV2CW4,,,,
2022,2022,2022,,Kenya,Tharaka Nithi County,T4urHM47nlm,Tharaka Nithi County,KE_County_13,,12207,23443,107522,202201_T4urHM47nlm,2022_T4urHM47nlm,,,,
2022,2022,2022,,Kenya,Kwale County,N7YETT3A9r1,Kwale County,KE_County_2,,37480,45064,230002,202201_N7YETT3A9r1,2022_N7YETT3A9r1,,,,
2022,2022,2022,,Kenya,Garissa County,uyOrcHZBpW0,Garissa County,KE_County_7,,43838,60702,281124,202201_uyOrcHZBpW0,2022_uyOrcHZBpW0,,,,
2022,2022,2022,,Kenya,Mombasa County,wsBsC6gjHvn,Mombasa County,KE_County_1,,41290,61964,386832,202201_wsBsC6gjHvn,2022_wsBsC6gjHvn,,,,
2022,2022,2022,,Kenya,Bungoma County,KGHhQ5GLd4k,Bungoma County,KE_County_39,,63918,143304,435684,202201_KGHhQ5GLd4k,2022_KGHhQ5GLd4k,,,,
2022,2022,2022,,Kenya,Marsabit County,Eey8fT4Im3y,Marsabit County,KE_County_10,,16770,35706,110709,202201_Eey8fT4Im3y,2022_Eey8fT4Im3y,,,,
2022,2022,2022,,Kenya,Nyandarua County,mYZacFNIB3h,Nyandarua County,KE_County_18,,17327,42140,169453,202201_mYZacFNIB3h,2022_mYZacFNIB3h,,,,
2022,2022,2022,,Kenya,Kitui County,j8o6iO4Njsi,Kitui County,KE_County_15,,35572,90613,305160,202201_j8o6iO4Njsi,2022_j8o6iO4Njsi,,,,
2022,2022,2022,,Kenya,Nyamira County,uepLTG8wGWJ,Nyamira County,KE_County_46,,22511,49030,165523,202201_uepLTG8wGWJ,2022_uepLTG8wGWJ,,,,
2022,2022,2022,,Kenya,Kiambu County,qKzosKQPl6G,Kiambu County,KE_County_22,,68245,120113,773013,202201_qKzosKQPl6G,2022_qKzosKQPl6G,,,,
2022,2022,2022,,Kenya,Nyeri County,ptWVfaCIdVx,Nyeri County,KE_County_19,,18431,39160,203603,202201_ptWVfaCIdVx,2022_ptWVfaCIdVx,,,,
2022,2022,2022,,Kenya,Makueni County,BoDytkJQ4Qi,Makueni County,KE_County_17,,24985,70435,243688,202201_BoDytkJQ4Qi,2022_BoDytkJQ4Qi,,,,
2022,2022,2022,,Kenya,Meru County,Y52XNJ50hYb,Meru County,KE_County_12,,48586,104894,425914,202201_Y52XNJ50hYb,2022_Y52XNJ50hYb,,,,
2022,2022,2022,,Kenya,Narok County,kqJ83J2D72s,Narok County,KE_County_33,,48641,94873,284507,202201_kqJ83J2D72s,2022_kqJ83J2D72s,,,,
2022,2022,2022,,Kenya,Wajir County,CeLsrJOH0g9,Wajir County,KE_County_8,,26568,62160,175606,202201_CeLsrJOH0g9,2022_CeLsrJOH0g9,,,,
2022,2022,2022,,Kenya,Kisumu County,tAbBVBbueqD,Kisumu County,KE_County_42,,43362,87942,319403,202201_tAbBVBbueqD,2022_tAbBVBbueqD,,,,
2022,2022,2022,,Kenya,Taita Taveta County,QyGNX2DpR4h,Taita Taveta County,KE_County_6,,9970,20704,89340,202201_QyGNX2DpR4h,2022_QyGNX2DpR4h,,,,
2022,2022,2022,,Kenya,Kericho County,ihZsJ8alvtb,Kericho County,KE_County_35,,29426,66141,249744,202201_ihZsJ8alvtb,2022_ihZsJ8alvtb,,,,
2022,2022,2022,,Kenya,Kirinyaga County,Ulj33KBau7V,Kirinyaga County,KE_County_20,,14217,31646,173020,202201_Ulj33KBau7V,2022_Ulj33KBau7V,,,,
2022,2022,2022,,Kenya,Samburu County,o36zCRjSd4G,Samburu County,KE_County_25,,13153,25829,72624,202201_o36zCRjSd4G,2022_o36zCRjSd4G,,,,
2022,2022,2022,,Kenya,Muranga County,ahwTMNAJvrL,Muranga County,KE_County_21,,26954,60473,268742,202201_ahwTMNAJvrL,2022_ahwTMNAJvrL,,,,
2022,2022,2022,,Kenya,Nakuru County,ob6SxuRcqU4,Nakuru County,KE_County_32,,76232,144803,614955,202201_ob6SxuRcqU4,2022_ob6SxuRcqU4,,,,
2022,2022,2022,,Kenya,Migori County,fVra3Pwta0Q,Migori County,KE_County_44,,51013,97344,292922,202201_fVra3Pwta0Q,2022_fVra3Pwta0Q,,,,
2023,2023,2023,,Kenya,Elgeyo Marakwet County,MqnLxQBigG0,Elgeyo Marakwet County,KE_County_28,,18312,23141,122616,202301_MqnLxQBigG0,2023_MqnLxQBigG0,,,,
2023,2023,2023,,Kenya,Laikipia County,xuFdFy6t9AH,Laikipia County,KE_County_31,,18558,36412,140948,202301_xuFdFy6t9AH,2023_xuFdFy6t9AH,,,,
2023,2023,2023,,Kenya,Nandi County,t0J75eHKxz5,Nandi County,KE_County_29,,27562,302,245961,202301_t0J75eHKxz5,2023_t0J75eHKxz5,,,,
2023,2023,2023,,Kenya,Turkana County,kphDeKClFch,Turkana County,KE_County_23,,45536,89938,243652,202301_kphDeKClFch,2023_kphDeKClFch,,,,
2023,2023,2023,,Kenya,Trans Nzoia County,mThvosEflAU,Trans Nzoia County,KE_County_26,,34519,70011,268831,202301_mThvosEflAU,2023_mThvosEflAU,,,,
2023,2023,2023,,Kenya,Kajiado County,Hsk1YV8kHkT,Kajiado County,KE_County_34,,42177,393,343753,202301_Hsk1YV8kHkT,2023_Hsk1YV8kHkT,,,,
2023,2023,2023,,Kenya,Isiolo County,bzOfj0iwfDH,Isiolo County,KE_County_11,,7215,18165,65984,202301_bzOfj0iwfDH,2023_bzOfj0iwfDH,,,,
2023,2023,2023,,Kenya,Kirinyaga County,Ulj33KBau7V,Kirinyaga County,KE_County_20,,14517,13461,176659,202301_Ulj33KBau7V,2023_Ulj33KBau7V,,,,
2023,2023,2023,,Kenya,Samburu County,o36zCRjSd4G,Samburu County,KE_County_25,,13548,22414,74802,202301_o36zCRjSd4G,2023_o36zCRjSd4G,,,,
2023,2023,2023,,Kenya,Siaya County,u4t9H8XyU9P,Siaya County,KE_County_41,,34348,59055,230974,202301_u4t9H8XyU9P,2023_u4t9H8XyU9P,,,,
2023,2023,2023,,Kenya,Uasin Gishu County,pZqQRRW7PHP,Uasin Gishu County,KE_County_27,,41501,27222,357395,202301_pZqQRRW7PHP,2023_pZqQRRW7PHP,,,,
2023,2023,2023,,Kenya,Busia County,Tvf1zgVZ0K4,Busia County,KE_County_40,,31336,17517,244885,202301_Tvf1zgVZ0K4,2023_Tvf1zgVZ0K4,,,,
2023,2023,2023,,Kenya,Lamu County,NjWSbQTwys4,Lamu County,KE_County_5,,5312,249,37530,202301_NjWSbQTwys4,2023_NjWSbQTwys4,,,,
2023,2023,2023,,Kenya,Mandera County,R6f9znhg37c,Mandera County,KE_County_9,,33916,329,196171,202301_R6f9znhg37c,2023_R6f9znhg37c,,,,
2023,2023,2023,,Kenya,Marsabit County,Eey8fT4Im3y,Marsabit County,KE_County_10,,17291,16824,114182,202301_Eey8fT4Im3y,2023_Eey8fT4Im3y,,,,
2023,2023,2023,,Kenya,Bomet County,HMNARUV2CW4,Bomet County,KE_County_36,,30324,17625,244215,202301_HMNARUV2CW4,2023_HMNARUV2CW4,,,,
2023,2023,2023,,Kenya,Baringo County,vvOK1BxTbet,Baringo County,KE_County_30,,25054,48424,172072,202301_vvOK1BxTbet,2023_vvOK1BxTbet,,,,
2023,2023,2023,,Kenya,Machakos County,yhCUgGcCcOo,Machakos County,KE_County_16,,36532,20252,409045,202301_yhCUgGcCcOo,2023_yhCUgGcCcOo,,,,
2023,2023,2023,,Kenya,Homa Bay County,nK0A12Q7MvS,Homa Bay County,KE_County_43,,44060,78283,305970,202301_nK0A12Q7MvS,2023_nK0A12Q7MvS,,,,
2023,2023,2023,,Kenya,Tana River County,JsH2bnvNt2d,Tana River County,KE_County_4,,14003,8842,90253,202301_JsH2bnvNt2d,2023_JsH2bnvNt2d,,,,
2023,2023,2023,,Kenya,Kilifi County,nrI2khZx3d0,Kilifi County,KE_County_3,,59071,95767,410902,202301_nrI2khZx3d0,2023_nrI2khZx3d0,,,,
2023,2023,2023,,Kenya,Nyeri County,ptWVfaCIdVx,Nyeri County,KE_County_19,,18894,25932,208093,202301_ptWVfaCIdVx,2023_ptWVfaCIdVx,,,,
2023,2023,2023,,Kenya,Kwale County,N7YETT3A9r1,Kwale County,KE_County_2,,38922,292,238462,202301_N7YETT3A9r1,2023_N7YETT3A9r1,,,,
2023,2023,2023,,Kenya,Embu County,PFu8alU2KWG,Embu County,KE_County_14,,16723,36794,171428,202301_PFu8alU2KWG,2023_PFu8alU2KWG,,,,
2023,2023,2023,,Kenya,Tharaka Nithi County,T4urHM47nlm,Tharaka Nithi County,KE_County_13,,12617,21431,110485,202301_T4urHM47nlm,2023_T4urHM47nlm,,,,
2023,2023,2023,,Kenya,Kisii County,sPkRcDvhGWA,Kisii County,KE_County_45,,42620,51074,335068,202301_sPkRcDvhGWA,2023_sPkRcDvhGWA,,,,
2023,2023,2023,,Kenya,Kiambu County,qKzosKQPl6G,Kiambu County,KE_County_22,,70141,101836,792314,202301_qKzosKQPl6G,2023_qKzosKQPl6G,,,,
2023,2023,2023,,Kenya,Kitui County,j8o6iO4Njsi,Kitui County,KE_County_15,,36551,95185,313859,202301_j8o6iO4Njsi,2023_j8o6iO4Njsi,,,,
2023,2023,2023,,Kenya,Nyamira County,uepLTG8wGWJ,Nyamira County,KE_County_46,,23226,43554,170771,202301_uepLTG8wGWJ,2023_uepLTG8wGWJ,,,,
2023,2023,2023,,Kenya,Mombasa County,wsBsC6gjHvn,Mombasa County,KE_County_1,,42546,436,398575,202301_wsBsC6gjHvn,2023_wsBsC6gjHvn,,,,
2023,2023,2023,,Kenya,Garissa County,uyOrcHZBpW0,Garissa County,KE_County_7,,47112,61708,299366,202301_uyOrcHZBpW0,2023_uyOrcHZBpW0,,,,
2023,2023,2023,,Kenya,Kisumu County,tAbBVBbueqD,Kisumu County,KE_County_42,,44754,38917,329471,202301_tAbBVBbueqD,2023_tAbBVBbueqD,,,,
2023,2023,2023,,Kenya,Bungoma County,KGHhQ5GLd4k,Bungoma County,KE_County_39,,66192,94767,450225,202301_KGHhQ5GLd4k,2023_KGHhQ5GLd4k,,,,
2023,2023,2023,,Kenya,Kericho County,ihZsJ8alvtb,Kericho County,KE_County_35,,30303,52959,257244,202301_ihZsJ8alvtb,2023_ihZsJ8alvtb,,,,
2023,2023,2023,,Kenya,Makueni County,BoDytkJQ4Qi,Makueni County,KE_County_17,,25622,14949,247612,202301_BoDytkJQ4Qi,2023_BoDytkJQ4Qi,,,,
2023,2023,2023,,Kenya,Taita Taveta County,QyGNX2DpR4h,Taita Taveta County,KE_County_6,,10234,93,91777,202301_QyGNX2DpR4h,2023_QyGNX2DpR4h,,,,
2023,2023,2023,,Kenya,Meru County,Y52XNJ50hYb,Meru County,KE_County_12,,45648,11400,437724,202301_Y52XNJ50hYb,2023_Y52XNJ50hYb,,,,
2023,2023,2023,,Kenya,Nyandarua County,mYZacFNIB3h,Nyandarua County,KE_County_18,,17856,1493,173725,202301_mYZacFNIB3h,2023_mYZacFNIB3h,,,,
2023,2023,2023,,Kenya,West Pokot County,XWALbfAPa6n,West Pokot County,KE_County_24,,33219,221,162140,202301_XWALbfAPa6n,2023_XWALbfAPa6n,,,,
2023,2023,2023,,Kenya,Vihiga County,sANMZ3lpqGs,Vihiga County,KE_County_38,,19591,49072,157394,202301_sANMZ3lpqGs,2023_sANMZ3lpqGs,,,,
2023,2023,2023,,Kenya,Nakuru County,ob6SxuRcqU4,Nakuru County,KE_County_32,,76476,108640,633595,202301_ob6SxuRcqU4,2023_ob6SxuRcqU4,,,,
2023,2023,2023,,Kenya,Kakamega County,BjC1xL40gHo,Kakamega County,KE_County_37,,69122,165784,505557,202301_BjC1xL40gHo,2023_BjC1xL40gHo,,,,
2023,2023,2023,,Kenya,Nairobi County,jkG3zaihdSs,Nairobi County,KE_County_47,,169848,53759,1611579,202301_jkG3zaihdSs,2023_jkG3zaihdSs,,,,
2023,2023,2023,,Kenya,Narok County,kqJ83J2D72s,Narok County,KE_County_33,,43954,350,255001,202301_kqJ83J2D72s,2023_kqJ83J2D72s,,,,
2023,2023,2023,,Kenya,Wajir County,CeLsrJOH0g9,Wajir County,KE_County_8,,25893,8755,179508,202301_CeLsrJOH0g9,2023_CeLsrJOH0g9,,,,
2023,2023,2023,,Kenya,Muranga County,ahwTMNAJvrL,Muranga County,KE_County_21,,26779,38976,273389,202301_ahwTMNAJvrL,2023_ahwTMNAJvrL,,,,
2023,2023,2023,,Kenya,Migori County,fVra3Pwta0Q,Migori County,KE_County_44,,53013,75626,303230,202301_fVra3Pwta0Q,2023_fVra3Pwta0Q,,,,
2024,2024,2024,,Kenya,Mandera County,R6f9znhg37c,Mandera County,KE_County_9,,37621,79884,224035,202401_R6f9znhg37c,2024_R6f9znhg37c,,,,
2024,2024,2024,,Kenya,Homa Bay County,nK0A12Q7MvS,Homa Bay County,KE_County_43,,45521,100375,316159,202401_nK0A12Q7MvS,2024_nK0A12Q7MvS,,,,
2024,2024,2024,,Kenya,Vihiga County,sANMZ3lpqGs,Vihiga County,KE_County_38,,20187,50912,162188,202401_sANMZ3lpqGs,2024_sANMZ3lpqGs,,,,
2024,2024,2024,,Kenya,Baringo County,vvOK1BxTbet,Baringo County,KE_County_30,,25859,57811,177596,202401_vvOK1BxTbet,2024_vvOK1BxTbet,,,,
2024,2024,2024,,Kenya,West Pokot County,XWALbfAPa6n,West Pokot County,KE_County_24,,34670,58555,164877,202401_XWALbfAPa6n,2024_XWALbfAPa6n,,,,
2024,2024,2024,,Kenya,Kwale County,N7YETT3A9r1,Kwale County,KE_County_2,,40447,41837.26,247500,202401_N7YETT3A9r1,2024_N7YETT3A9r1,,,,
2024,2024,2024,,Kenya,Uasin Gishu County,pZqQRRW7PHP,Uasin Gishu County,KE_County_27,,42775,85281,368366,202401_pZqQRRW7PHP,2024_pZqQRRW7PHP,,,,
2024,2024,2024,,Kenya,Isiolo County,bzOfj0iwfDH,Isiolo County,KE_County_11,,7402,20489,67678,202401_bzOfj0iwfDH,2024_bzOfj0iwfDH,,,,
2024,2024,2024,,Kenya,Tharaka Nithi County,T4urHM47nlm,Tharaka Nithi County,KE_County_13,,12969,26870,113568,202401_T4urHM47nlm,2024_T4urHM47nlm,,,,
2024,2024,2024,,Kenya,Taita Taveta County,QyGNX2DpR4h,Taita Taveta County,KE_County_6,,10504,22480,94190,202401_QyGNX2DpR4h,2024_QyGNX2DpR4h,,,,
2024,2024,2024,,Kenya,Bomet County,HMNARUV2CW4,Bomet County,KE_County_36,,31224,63115,251118,202401_HMNARUV2CW4,2024_HMNARUV2CW4,,,,
2024,2024,2024,,Kenya,Kisumu County,tAbBVBbueqD,Kisumu County,KE_County_42,,46466,95667,339854,202401_tAbBVBbueqD,2024_tAbBVBbueqD,,,,
2024,2024,2024,,Kenya,Kericho County,ihZsJ8alvtb,Kericho County,KE_County_35,,31147,73086,264675,202401_ihZsJ8alvtb,2024_ihZsJ8alvtb,,,,
2024,2024,2024,,Kenya,Trans Nzoia County,mThvosEflAU,Trans Nzoia County,KE_County_26,,35578,72180,276897,202401_mThvosEflAU,2024_mThvosEflAU,,,,
2024,2024,2024,,Kenya,Laikipia County,xuFdFy6t9AH,Laikipia County,KE_County_31,,19135,37544,145327,202401_xuFdFy6t9AH,2024_xuFdFy6t9AH,,,,
2024,2024,2024,,Kenya,Kiambu County,qKzosKQPl6G,Kiambu County,KE_County_22,,71849,130241,839667,202401_qKzosKQPl6G,2024_qKzosKQPl6G,,,,
2024,2024,2024,,Kenya,Kisii County,sPkRcDvhGWA,Kisii County,KE_County_45,,43653,112586,343128,202401_sPkRcDvhGWA,2024_sPkRcDvhGWA,,,,
2024,2024,2024,,Kenya,Kitui County,j8o6iO4Njsi,Kitui County,KE_County_15,,37526,97849,322647,202401_j8o6iO4Njsi,2024_j8o6iO4Njsi,,,,
2024,2024,2024,,Kenya,Machakos County,yhCUgGcCcOo,Machakos County,KE_County_16,,37274,92386,417223,202401_yhCUgGcCcOo,2024_yhCUgGcCcOo,,,,
2024,2024,2024,,Kenya,Garissa County,uyOrcHZBpW0,Garissa County,KE_County_7,,46476,58715,309841,202401_uyOrcHZBpW0,2024_uyOrcHZBpW0,,,,
2024,2024,2024,,Kenya,Marsabit County,Eey8fT4Im3y,Marsabit County,KE_County_10,,17847,39361,117859,202401_Eey8fT4Im3y,2024_Eey8fT4Im3y,,,,
2024,2024,2024,,Kenya,Meru County,Y52XNJ50hYb,Meru County,KE_County_12,,51030,110603,450391,202401_Y52XNJ50hYb,2024_Y52XNJ50hYb,,,,
2024,2024,2024,,Kenya,Nyeri County,ptWVfaCIdVx,Nyeri County,KE_County_19,,19310,41501,212693,202401_ptWVfaCIdVx,2024_ptWVfaCIdVx,,,,
2024,2024,2024,,Kenya,Nakuru County,ob6SxuRcqU4,Nakuru County,KE_County_32,,78462,126209,650162,202401_ob6SxuRcqU4,2024_ob6SxuRcqU4,,,,
2024,2024,2024,,Kenya,Tana River County,JsH2bnvNt2d,Tana River County,KE_County_4,,13436,27719,88478,202401_JsH2bnvNt2d,2024_JsH2bnvNt2d,,,,
2024,2024,2024,,Kenya,Migori County,fVra3Pwta0Q,Migori County,KE_County_44,,55062,107658,319601,202401_fVra3Pwta0Q,2024_fVra3Pwta0Q,,,,
2024,2024,2024,,Kenya,Lamu County,NjWSbQTwys4,Lamu County,KE_County_5,,5480,10423,38721,202401_NjWSbQTwys4,2024_NjWSbQTwys4,,,,
2024,2024,2024,,Kenya,Nyandarua County,mYZacFNIB3h,Nyandarua County,KE_County_18,,18246,45165,178030,202401_mYZacFNIB3h,2024_mYZacFNIB3h,,,,
2024,2024,2024,,Kenya,Mombasa County,wsBsC6gjHvn,Mombasa County,KE_County_1,,43837,51014,410651,202401_wsBsC6gjHvn,2024_wsBsC6gjHvn,,,,
2024,2024,2024,,Kenya,Siaya County,u4t9H8XyU9P,Siaya County,KE_County_41,,35308,86720,237857,202401_u4t9H8XyU9P,2024_u4t9H8XyU9P,,,,
2024,2024,2024,,Kenya,Narok County,kqJ83J2D72s,Narok County,KE_County_33,,52159,106912,305667,202401_kqJ83J2D72s,2024_kqJ83J2D72s,,,,
2024,2024,2024,,Kenya,Bungoma County,KGHhQ5GLd4k,Bungoma County,KE_County_39,,68382,157434,454863,202401_KGHhQ5GLd4k,2024_KGHhQ5GLd4k,,,,
2024,2024,2024,,Kenya,Embu County,PFu8alU2KWG,Embu County,KE_County_14,,17131,37689,175593,202401_PFu8alU2KWG,2024_PFu8alU2KWG,,,,
2024,2024,2024,,Kenya,Kirinyaga County,Ulj33KBau7V,Kirinyaga County,KE_County_20,,14825,33847,180420,202401_Ulj33KBau7V,2024_Ulj33KBau7V,,,,
2024,2024,2024,,Kenya,Kilifi County,nrI2khZx3d0,Kilifi County,KE_County_3,,61097,99049,424996,202401_nrI2khZx3d0,2024_nrI2khZx3d0,,,,
2024,2024,2024,,Kenya,Samburu County,o36zCRjSd4G,Samburu County,KE_County_25,,13954,28051,77046,202401_o36zCRjSd4G,2024_o36zCRjSd4G,,,,
2024,2024,2024,,Kenya,Wajir County,CeLsrJOH0g9,Wajir County,KE_County_8,,28489,67361,184023,202401_CeLsrJOH0g9,2024_CeLsrJOH0g9,,,,
2024,2024,2024,,Kenya,Turkana County,kphDeKClFch,Turkana County,KE_County_23,,47418,81784,254154,202401_kphDeKClFch,2024_kphDeKClFch,,,,
2024,2024,2024,,Kenya,Nyamira County,uepLTG8wGWJ,Nyamira County,KE_County_46,,23961,27048,176925,202401_uepLTG8wGWJ,2024_uepLTG8wGWJ,,,,
2024,2024,2024,,Kenya,Nandi County,t0J75eHKxz5,Nandi County,KE_County_29,,28309,70771,252625,202401_t0J75eHKxz5,2024_t0J75eHKxz5,,,,
2024,2024,2024,,Kenya,Busia County,Tvf1zgVZ0K4,Busia County,KE_County_40,,32280,81035,252295,202401_Tvf1zgVZ0K4,2024_Tvf1zgVZ0K4,,,,
2024,2024,2024,,Kenya,Elgeyo Marakwet County,MqnLxQBigG0,Elgeyo Marakwet County,KE_County_28,,18939,38737,126811,202401_MqnLxQBigG0,2024_MqnLxQBigG0,,,,
2024,2024,2024,,Kenya,Makueni County,BoDytkJQ4Qi,Makueni County,KE_County_17,,26248,59388,253333,202401_BoDytkJQ4Qi,2024_BoDytkJQ4Qi,,,,
2024,2024,2024,,Kenya,Kajiado County,Hsk1YV8kHkT,Kajiado County,KE_County_34,,43539,77142,354857,202401_Hsk1YV8kHkT,2024_Hsk1YV8kHkT,,,,
2024,2024,2024,,Kenya,Kakamega County,BjC1xL40gHo,Kakamega County,KE_County_37,,71817,172301,523862,202401_BjC1xL40gHo,2024_BjC1xL40gHo,,,,
2024,2024,2024,,Kenya,Muranga County,ahwTMNAJvrL,Muranga County,KE_County_21,,25812,53629,280830,202401_ahwTMNAJvrL,2024_ahwTMNAJvrL,,,,
2024,2024,2024,,Kenya,Nairobi County,jkG3zaihdSs,Nairobi County,KE_County_47,,175438,227708,1664602,202401_jkG3zaihdSs,2024_jkG3zaihdSs,,,,
